ID,Universal_Sample_ID,Site,Date2,Enviro2,Environment,Project,Waikane.stream,Kahaluu.stream,Kaneohe.stream,Tidal.Status.ft,PRO.mL,SYN.mL,PEUK.mL,HBACT.mL,chla.ug.per.L,Salinity,pH,SW.Temperature.at.site,Season,Month,order.euc.dend,Clustering,Fishpond,NERR,x,order.ward.2,Clustering.2
SB_250,KBT_01.24.2020_SB,SB,1/24/20,Coastal,Coastal,KByT,8.94,7.09,16.5,1.04,2705,113595,18830,2018772,1,32.86,7.96,23.98,Winter,January,214,Cluster_2,KByT,KByT,SB_250,1,Clustering_1
CB_268,KBT_05.14.2020_CB,CB,5/14/20,Coastal,Coastal,KByT,11.5,7.01,12.6,0.56,1681,121421,6999,1935680,0.5,33.08,7.9,27.03,Spring,May,215,Cluster_2,KByT,KByT,CB_268,2,Clustering_1
SR8_369,KBT_06.21.2021_SR8,SR8,6/21/21,Coastal,Coastal,KByT,9.2,5.39,12.2,2.32,972,75476,8404,1814850,0.6,35.01,7.69,26.88,Summer,June,209,Cluster_2,KByT,KByT,SR8_369,3,Clustering_1
SB_155,KBT_02.25.2019_SB,SB,2/25/19,Coastal,Coastal,KByT,22.8,10.4,28,0.14,0,42551,22194,1946438,1.6,33.36,7.87,23.68,Winter,February,212,Cluster_2,KByT,KByT,SB_155,4,Clustering_1
KAHO_323,NERR_12.23.2020_KAHO,KAHO,12/23/20,Coastal,Coastal,KAHO,7.71,4.87,9.76,0.73,643,32998,13906,1889013,2.3,33.2,8.17,26.6,Fall,December,213,Cluster_2,KAHO,KAHO,KAHO_323,5,Clustering_1
AR_267,KBT_05.14.2020_AR,AR,5/14/20,Coastal,Coastal,KByT,11.5,7.01,12.6,0.56,1431,212325,12763,1839510,1.8,33.21,7.71,26.48,Spring,May,204,Cluster_2,KByT,KByT,AR_267,6,Clustering_1
SB_346,KBT_04.16.2021_SB,SB,4/16/21,Coastal,Coastal,KByT,10.7,6.07,13.7,0.77,2062,182164,10610,1846850,1.3,34.16,7.93,24.31,Spring,April,205,Cluster_2,KByT,KByT,SB_346,7,Clustering_1
SB_175,KBT_04.22.2019_SB,SB,4/22/19,Coastal,Coastal,KByT,11.8,8.09,17.5,1.49,0,199841,29164,1695750,2.2,36.84,7.76,25.26,Spring,April,195,Cluster_2,KByT,KByT,SB_175,8,Clustering_1
AR_287,KBT_08.28.2020_AR,AR,8/28/20,Coastal,Coastal,KByT,6.65,5.81,9.92,2.44,0,243340,15744,1722764,1.1,32,7.77,28.9,Summer,August,196,Cluster_2,KByT,KByT,AR_287,9,Clustering_1
CB_368,KBT_06.21.2021_CB,CB,6/21/21,Coastal,Coastal,KByT,9.2,5.39,12.2,2.31,2035,255710,18186,1797951,0.5,38.98,7.67,27.14,Summer,June,206,Cluster_2,KByT,KByT,CB_368,10,Clustering_1
SB_165,KBT_03.21.2019_SB,SB,3/21/19,Coastal,Coastal,KByT,13.1,9.18,19.2,1.31,0,218873,30791,1767938,1.2,34.45,7.85,24.1,Winter,March,207,Cluster_2,KByT,KByT,SB_165,11,Clustering_1
HP1_266,KBT_05.14.2020_HP1,HP1,5/14/20,Coastal,Coastal,KByT,11.5,7.01,12.6,0.57,1326,207887,12382,1755958,1.5,33.13,7.51,26.37,Spring,May,208,Cluster_2,KByT,HP1,HP1_266,12,Clustering_1
AR_152,KBT_02.25.2019_AR,AR,2/25/19,Coastal,Coastal,KByT,22.8,10.4,28,0.27,0,24439,12206,1693125,2,32.75,7.84,23.99,Winter,February,210,Cluster_2,KByT,KByT,AR_152,13,Clustering_1
KAHO_301,NERR_09.22.2020_KAHO,KAHO,9/22/20,Coastal,Coastal,KAHO,6.31,5.47,9.66,1.38,0,33799,5213,1736604,0.9,34.42,8.2,28.4,Summer,September,211,Cluster_2,KAHO,KAHO,KAHO_301,14,Clustering_1
AR_162,KBT_03.21.2019_AR,AR,3/21/19,Coastal,Coastal,KByT,13.1,9.18,19.2,0.01,0,96784,20029,1630125,1.9,34.9,7.82,23.79,Winter,March,197,Cluster_2,KByT,KByT,AR_162,15,Clustering_1
SB_290,KBT_08.28.2020_SB,SB,8/28/20,Coastal,Coastal,KByT,6.65,5.81,9.92,2.44,0,145056,5699,1633671,0.5,33.79,7.91,28.12,Summer,August,198,Cluster_2,KByT,KByT,SB_290,16,Clustering_1
CB_228,KBT_10.07.2019_CB,CB,10/7/19,Coastal,Coastal,KByT,10.9,6.73,15.5,1.85,1156,209082,19066,1591324,1.2,33.22,8,27.76,Fall,October,199,Cluster_2,KByT,KByT,CB_228,17,Clustering_1
SR8_269,KBT_05.14.2020_SR8,SR8,5/14/20,Coastal,Coastal,KByT,11.5,7.01,12.6,0.55,1549,188309,11595,1605361,1.3,33.04,7.93,27.43,Spring,May,200,Cluster_2,KByT,KByT,SR8_269,18,Clustering_1
AR_309,KBT_11.16.2020_AR,AR,11/16/20,Coastal,Coastal,KByT,6.43,5.34,8.98,1.37,0,190870,24791,1616299,2.2,35.14,8.02,25.97,Fall,November,201,Cluster_2,KByT,KByT,AR_309,19,Clustering_1
SB_280,KBT_07.21.2020_SB,SB,7/21/20,Coastal,Coastal,KByT,6.94,6.14,11.8,2.38,0,246177,18081,1567334,0.8,33.53,7.89,24.78,Summer,July,202,Cluster_2,KByT,KByT,SB_280,20,Clustering_1
SR8_299,KBT_09.22.2020_SR8,SR8,9/22/20,Coastal,Coastal,KByT,6.34,5.38,8.23,2.05,0,204460,27260,1531093,1.7,35.59,7.9,27.58,Summer,September,203,Cluster_2,KByT,KByT,SR8_299,21,Clustering_1
AR_112,KBT_09.11.2018_AR,AR,9/11/18,Coastal,Coastal,KByT,11.1,9.21,26.1,1.86,0,517913,54219,1601250,2,31.86,7.92,28.65,Summer,September,330,Cluster_2,KByT,KByT,AR_112,22,Clustering_1
AR_102,KBT_07.23.2018_AR,AR,7/23/18,Coastal,Coastal,KByT,18.1,10.3,47.6,2.01,0,429883,29505,1609125,1.6,33.83,7.93,27.84,Summer,July,331,Cluster_2,KByT,KByT,AR_102,23,Clustering_1
HP1_111,KBT_09.11.2018_HP1,HP1,9/11/18,Coastal,Coastal,KByT,11.1,9.21,26.1,1.74,0,434372,46266,1538250,2,31.81,7.92,28.15,Summer,September,332,Cluster_2,KByT,HP1,HP1_111,24,Clustering_1
SR8_259,KBT_03.20.2020_SR8,SR8,3/20/20,Coastal,Coastal,KByT,17,8.4,16.8,0.98,11345,444636,48912,1564984,1.9,31.49,7.89,25.16,Winter,March,333,Cluster_2,KByT,KByT,SR8_259,25,Clustering_1
HP1_206,KBT_08.13.2019_HP1,HP1,8/13/19,Coastal,Coastal,KByT,9.76,3.93,11,2.1,0,266963,37173,1645016,1.2,33.05,7.55,29.34,Summer,August,193,Cluster_2,KByT,HP1,HP1_206,26,Clustering_1
SR8_209,KBT_08.13.2019_SR8,SR8,8/13/19,Coastal,Coastal,KByT,9.76,3.93,11,2.33,11949,243038,27890,1646014,1,33.28,8.11,28.62,Summer,August,194,Cluster_2,KByT,KByT,SR8_209,27,Clustering_1
CB_103,KBT_07.23.2018_CB,CB,7/23/18,Coastal,Coastal,KByT,18.1,10.3,47.6,2.06,0,323846,26473,1647188,1.1,34.03,7.97,27.15,Summer,July,321,Cluster_2,KByT,KByT,CB_103,28,Clustering_1
SB_358,KBT_05.24.2021_SB,SB,5/24/21,Coastal,Coastal,KByT,12.9,5.82,11.3,2.25,5003,336517,23215,1619214,0.9,35.07,7.75,25.91,Spring,May,322,Cluster_2,KByT,KByT,SB_358,29,Clustering_1
HP1_121,KBT_10.11.2018_HP1,HP1,10/11/18,Coastal,Coastal,KByT,27.8,11.1,27.8,1.48,0,339426,38299,1748250,2.1,33.67,7.92,27.31,Fall,October,319,Cluster_2,KByT,HP1,HP1_121,30,Clustering_1
SR8_134,KBT_11.09.2018_SR8,SR8,11/9/18,Coastal,Coastal,KByT,159,24.7,155,1.39,0,344426,40963,1714125,1.9,34.59,7.76,26.95,Fall,November,320,Cluster_2,KByT,KByT,SR8_134,31,Clustering_1
AR_355,KBT_05.24.2021_AR,AR,5/24/21,Coastal,Coastal,KByT,12.9,5.82,11.3,1.19,2219,361084,22926,1705680,1.2,34.95,7.85,25.7,Spring,May,316,Cluster_2,KByT,KByT,AR_355,32,Clustering_1
SB_145,KBT_01.11.2019_SB,SB,1/11/19,Coastal,Coastal,KByT,14.1,9.24,20.4,0.7,0,355451,38994,1694438,1.7,34.44,7.96,23.88,Winter,January,317,Cluster_2,KByT,KByT,SB_145,33,Clustering_1
SR8_189,KBT_05.21.2019_SR8,SR8,5/21/19,Coastal,Coastal,KByT,12.1,7.63,13.8,0.48,0,374929,37131,1697063,1.2,35.86,7.64,27.07,Spring,May,318,Cluster_2,KByT,KByT,SR8_189,34,Clustering_1
CB_93,KBT_06.19.2018_CB,CB,6/19/18,Coastal,Coastal,KByT,12.4,8.8,46.5,0.59,0,383001,40871,1641938,1.2,33.14,8.03,27.93,Spring,June,323,Cluster_2,KByT,KByT,CB_93,35,Clustering_1
HP1_186,KBT_05.21.2019_HP1,HP1,5/21/19,Coastal,Coastal,KByT,12.1,7.63,13.8,0.61,0,380323,35884,1673438,1.2,35.5,7.66,27.8,Spring,May,324,Cluster_2,KByT,HP1,HP1_186,36,Clustering_1
NB_215,KBT_08.29.2019_NB,NB,8/29/19,Coastal,Coastal,KByT,7.8,4.63,10.7,0.81,0,401422,22204,1672039,1.3,32.93,8.08,28.65,Summer,August,325,Cluster_2,KByT,KByT,NB_215,37,Clustering_1
AR_217,KBT_08.29.2019_AR,AR,8/29/19,Coastal,Coastal,KByT,7.8,4.63,10.7,2.06,0,392428,21653,1671593,1.3,33.82,8.01,30.1,Summer,August,326,Cluster_2,KByT,KByT,AR_217,38,Clustering_1
HP1_51,KBT_02.21.2018_HP1,HP1,2/21/18,Coastal,Coastal,KByT,31.3,23.5,45.5,0.24,0,439215,79839,1652438,2.5,34.3,8.13,23.98,Winter,February,327,Cluster_2,KByT,HP1,HP1_51,39,Clustering_1
AR_122,KBT_10.11.2018_AR,AR,10/11/18,Coastal,Coastal,KByT,27.8,11.1,27.8,0.97,0,467263,37984,1673438,2,34.5,7.91,27.81,Fall,October,328,Cluster_2,KByT,KByT,AR_122,40,Clustering_1
AR_187,KBT_05.21.2019_AR,AR,5/21/19,Coastal,Coastal,KByT,12.1,7.63,13.8,0.12,0,430526,36894,1668188,1.8,36.13,7.66,27.53,Spring,May,329,Cluster_2,KByT,KByT,AR_187,41,Clustering_1
SB_260,KBT_03.20.2020_SB,SB,3/20/20,Coastal,Coastal,KByT,17,8.4,16.8,0.95,8574,642478,68398,2019008,2.5,31.82,7.88,24.57,Winter,March,355,Cluster_1,KByT,KByT,SB_260,42,Clustering_1
SB_55,KBT_02.21.2018_SB,SB,2/21/18,Coastal,Coastal,KByT,31.3,23.5,45.5,0.36,0,408043,117338,1922813,2.4,34.43,8.09,23.86,Winter,February,216,Cluster_2,KByT,KByT,SB_55,43,Clustering_1
SB_65,KBT_03.28.2018_SB,SB,3/28/18,Coastal,Coastal,KByT,20.4,9.19,49.8,0.8,0,400956,65363,1871625,1.6,33.26,8.15,24.42,Winter,March,217,Cluster_2,KByT,KByT,SB_65,44,Clustering_1
CB_188,KBT_05.21.2019_CB,CB,5/21/19,Coastal,Coastal,KByT,12.1,7.63,13.8,0.28,0,412138,37866,1895250,1.2,36.01,7.61,27.23,Spring,May,218,Cluster_2,KByT,KByT,CB_188,45,Clustering_1
SB_5,KBT_08.23.2017_SB,SB,8/23/17,Coastal,Coastal,KByT,8.99,9.52,28.1,0.02,0,388684,48051,1820438,1.3,35.49,7.97,27.79,Summer,August,219,Cluster_2,KByT,KByT,SB_5,46,Clustering_1
AR_197,KBT_06.14.2019_AR,AR,6/14/19,Coastal,Coastal,KByT,11.7,7.45,13,2.04,0,384694,25659,1799438,1.6,36.12,7.71,28.99,Spring,June,220,Cluster_2,KByT,KByT,AR_197,47,Clustering_1
SB_190,KBT_05.21.2019_SB,SB,5/21/19,Coastal,Coastal,KByT,12.1,7.63,13.8,0.78,0,311286,31946,1879500,1.1,36.08,7.65,27.29,Spring,May,221,Cluster_2,KByT,KByT,SB_190,48,Clustering_1
SR8_199,KBT_06.14.2019_SR8,SR8,6/14/19,Coastal,Coastal,KByT,11.7,7.45,13,2.15,0,307388,34808,1845375,1.3,36.61,7.69,27.65,Spring,June,222,Cluster_2,KByT,KByT,SR8_199,49,Clustering_1
WAI2_336,NERR_02.12.2021_WAI2,WAI2,2/12/21,WAI2,Estuary,WAI2,8.95,4.85,11,1.22,341,36845,19749,2275834,3.3,28.9,7.82,27.2,Winter,February,352,Cluster_1,WAI2,WAI2,WAI2_336,50,Clustering_1
WAI2_324,NERR_12.23.2020_WAI2,WAI2,12/23/20,WAI2,Estuary,WAI2,7.71,4.87,9.76,1,249,16335,16374,2588111,5.4,30.32,7.94,26.9,Fall,December,353,Cluster_1,WAI2,WAI2,WAI2_324,51,Clustering_1
WAI2_360,NERR_05.24.2021_WAI2,WAI2,5/24/21,WAI2,Estuary,WAI2,12.9,5.82,11.3,2.33,171,84759,40535,2644705,11.1,30.28,7.39,30.63,Spring,May,354,Cluster_1,WAI2,WAI2,WAI2_360,52,Clustering_1
AR_207,KBT_08.13.2019_AR,AR,8/13/19,Coastal,Coastal,KByT,9.76,3.93,11,2.21,0,539795,39655,2161609,1.7,32.7,8.01,29.98,Summer,August,365,Cluster_1,KByT,KByT,AR_207,53,Clustering_1
AR_297,KBT_09.22.2020_AR,AR,9/22/20,Coastal,Coastal,KByT,6.34,5.38,8.23,2.23,0,393544,24633,2195342,3.6,33.09,7.88,28.29,Summer,September,366,Cluster_1,KByT,KByT,AR_297,54,Clustering_1
HP1_216,KBT_08.29.2019_HP1,HP1,8/29/19,Coastal,Coastal,KByT,7.8,4.63,10.7,1.86,0,479406,51145,2238647,1.8,33.16,7.36,28.74,Summer,August,367,Cluster_1,KByT,HP1,HP1_216,55,Clustering_1
SB_312,KBT_11.16.2020_SB,SB,11/16/20,Coastal,Coastal,KByT,6.43,5.34,8.98,1.39,5607,449232,13249,2217966,1.6,35.23,8.01,26.06,Fall,November,368,Cluster_1,KByT,KByT,SB_312,56,Clustering_1
SB_135,KBT_11.09.2018_SB,SB,11/9/18,Coastal,Coastal,KByT,159,24.7,155,1.39,0,386348,43811,2371688,1.8,35,7.75,27.45,Fall,November,356,Cluster_1,KByT,KByT,SB_135,57,Clustering_1
SB_105,KBT_07.23.2018_SB,SB,7/23/18,Coastal,Coastal,KByT,18.1,10.3,47.6,2.13,0,340974,35306,2315250,1.4,34.24,7.95,27.18,Summer,July,357,Cluster_1,KByT,KByT,SB_105,58,Clustering_1
SB_115,KBT_09.11.2018_SB,SB,9/11/18,Coastal,Coastal,KByT,11.1,9.21,26.1,2.07,0,390154,28888,2319188,1.4,32.84,7.92,28.23,Summer,September,358,Cluster_1,KByT,KByT,SB_115,59,Clustering_1
CB_218,KBT_08.29.2019_CB,CB,8/29/19,Coastal,Coastal,KByT,7.8,4.63,10.7,2.2,0,538390,30805,2293652,0.9,33.12,8.07,29,Summer,August,359,Cluster_1,KByT,KByT,CB_218,60,Clustering_1
SB_230,KBT_10.07.2019_SB,SB,10/7/19,Coastal,Coastal,KByT,10.9,6.73,15.5,1.95,0,464293,38893,2356890,1.6,33.13,7.05,27.76,Fall,October,360,Cluster_1,KByT,KByT,SB_230,61,Clustering_1
SB_270,KBT_05.14.2020_SB,SB,5/14/20,Coastal,Coastal,KByT,11.5,7.01,12.6,0.55,2626,320300,18475,2230309,1,33.3,7.94,27.07,Spring,May,361,Cluster_1,KByT,KByT,SB_270,62,Clustering_1
CB_198,KBT_06.14.2019_CB,CB,6/14/19,Coastal,Coastal,KByT,11.7,7.45,13,2.11,0,282109,40241,2181375,1,36.61,7.69,28.07,Spring,June,362,Cluster_1,KByT,KByT,CB_198,63,Clustering_1
CB_298,KBT_09.22.2020_CB,CB,9/22/20,Coastal,Coastal,KByT,6.34,5.38,8.23,2.17,0,308942,13853,2168778,0.4,35.58,7.86,27.93,Summer,September,363,Cluster_1,KByT,KByT,CB_298,64,Clustering_1
SB_322,KBT_12.23.2020_SB,SB,12/23/20,Coastal,Coastal,KByT,7.71,4.87,9.76,0.92,1352,319000,18055,2179664,1.3,34.93,7.82,25.39,Fall,December,364,Cluster_1,KByT,KByT,SB_322,65,Clustering_1
AR_2,KBT_08.23.2017_AR,AR,8/23/17,Coastal,Coastal,KByT,8.99,9.52,28.1,0.12,0,262776,45189,1947750,1.8,32.41,7.95,28.15,Summer,August,223,Cluster_2,KByT,KByT,AR_2,66,Clustering_1
SB_15,KBT_09.20.2017_SB,SB,9/20/17,Coastal,Coastal,KByT,9.98,7.52,26,0.18,0,231315,21735,2012063,2.2,35.07,7.96,27.4,Summer,September,224,Cluster_2,KByT,KByT,SB_15,67,Clustering_1
SB_370,KBT_06.21.2021_SB,SB,6/21/21,Coastal,Coastal,KByT,9.2,5.39,12.2,2.32,4570,295102,25408,2102139,0.4,35.08,7.73,27.14,Summer,June,225,Cluster_2,KByT,KByT,SB_370,68,Clustering_1
SB_95,KBT_06.19.2018_SB,SB,6/19/18,Coastal,Coastal,KByT,12.4,8.8,46.5,0.57,0,333493,51489,2038313,1.3,33.87,8.01,27.67,Spring,June,226,Cluster_2,KByT,KByT,SB_95,69,Clustering_1
CB_123,KBT_10.11.2018_CB,CB,10/11/18,Coastal,Coastal,KByT,27.8,11.1,27.8,1.42,0,401691,34479,2073750,1.6,34.05,7.9,27.7,Fall,October,227,Cluster_2,KByT,KByT,CB_123,70,Clustering_1
WAI2_302,NERR_09.22.2020_WAI2,WAI2,9/22/20,WAI2,Estuary,WAI2,6.31,5.47,9.66,1.37,0,140710,13078,4161275,7.5,30.54,8,28.5,Summer,September,345,Cluster_1,WAI2,WAI2,WAI2_302,71,Clustering_1
SB_210,KBT_08.13.2019_SB,SB,8/13/19,Coastal,Coastal,KByT,9.76,3.93,11,2.37,11831,523631,54979,3413304,0.8,33.34,8.1,29.25,Summer,August,350,Cluster_1,KByT,KByT,SB_210,72,Clustering_1
SB_200,KBT_06.14.2019_SB,SB,6/14/19,Coastal,Coastal,KByT,11.7,7.45,13,1.83,0,317244,50374,2667000,1,36.67,7.64,27.62,Spring,June,346,Cluster_1,KByT,KByT,SB_200,73,Clustering_1
SB_300,KBT_09.22.2020_SB,SB,9/22/20,Coastal,Coastal,KByT,6.34,5.38,8.23,2,0,412045,20445,2701180,2.9,35.79,7.9,27.69,Summer,September,347,Cluster_1,KByT,KByT,SB_300,74,Clustering_1
CB_208,KBT_08.13.2019_CB,CB,8/13/19,Coastal,Coastal,KByT,9.76,3.93,11,2.29,6605,588970,54112,2744486,1.1,33.15,8.06,29.16,Summer,August,348,Cluster_1,KByT,KByT,CB_208,75,Clustering_1
SB_220,KBT_08.29.2019_SB,SB,8/29/19,Coastal,Coastal,KByT,7.8,4.63,10.7,2.38,0,598345,61846,3000169,1.1,33.18,8.13,29.5,Summer,August,349,Cluster_1,KByT,KByT,SB_220,76,Clustering_1
NTO1_78,KBT_05.01.2018_NTO1,NTO1,5/1/18,Offshore,Offshore,KByT,18.3,9.63,49.3,-0.14,67528,16328,4358,693814,0.4,34.62,8.09,24.63,Spring,May,123,Cluster_3,KByT,KByT,NTO1_78,77,Clustering_2
STO1_177,KBT_04.22.2019_STO1,STO1,4/22/19,Offshore,Offshore,KByT,11.8,8.09,17.5,-0.17,64719,18441,4935,689798,2.2,36.95,7.91,24.11,Spring,April,124,Cluster_3,KByT,KByT,STO1_177,78,Clustering_2
SR2_6,KBT_08.23.2017_SR2,SR2,8/23/17,Transition,Offshore,KByT,8.99,9.52,28.1,0.1,51398,20239,4659,680348,0.5,34.89,8.07,26.92,Summer,August,125,Cluster_3,KByT,KByT,SR2_6,79,Clustering_2
STO1_77,KBT_05.01.2018_STO1,STO1,5/1/18,Offshore,Offshore,KByT,18.3,9.63,49.3,-0.03,64037,17994,5093,664808,0.4,34.66,8.04,24.07,Spring,May,126,Cluster_3,KByT,KByT,STO1_77,80,Clustering_2
STO1_338,KBT_04.16.2021_STO1,STO1,4/16/21,Offshore,Offshore,KByT,10.7,6.07,13.7,-0.17,70224,45498,7603,744714,0.3,34.93,7.82,24.23,Spring,April,148,Cluster_3,KByT,KByT,STO1_338,81,Clustering_2
SR2_106,KBT_07.23.2018_SR2,SR2,7/23/18,Transition,Offshore,KByT,18.1,10.3,47.6,0.87,61163,34939,6773,739646,0.6,34.14,7.91,25.92,Summer,July,144,Cluster_3,KByT,KByT,SR2_106,82,Clustering_2
STO1_107,KBT_07.23.2018_STO1,STO1,7/23/18,Offshore,Offshore,KByT,18.1,10.3,47.6,1.06,53931,32209,4554,751734,0.5,34.04,8.03,26.12,Summer,July,145,Cluster_3,KByT,KByT,STO1_107,83,Clustering_2
SR2_191,KBT_06.14.2019_SR2,SR2,6/14/19,Transition,Offshore,KByT,11.7,7.45,13,0.18,49258,58275,5473,732323,0.4,36.31,7.51,25.5,Spring,June,146,Cluster_3,KByT,KByT,SR2_191,84,Clustering_2
NTO1_193,KBT_06.14.2019_NTO1,NTO1,6/14/19,Offshore,Offshore,KByT,11.7,7.45,13,0.6,68473,48654,3977,722978,0.3,36.8,7.76,25.65,Spring,June,147,Cluster_3,KByT,KByT,NTO1_193,85,Clustering_2
NR2_109,KBT_07.23.2018_NR2,NR2,7/23/18,Transition,Offshore,KByT,18.1,10.3,47.6,1.46,7048,39887,9332,730262,0.8,34.08,7.99,26.46,Summer,July,149,Cluster_3,KByT,KByT,NR2_109,86,Clustering_2
NR2_129,KBT_10.11.2018_NR2,NR2,10/11/18,Transition,Offshore,KByT,27.8,11.1,27.8,0.94,20987,52618,8387,719408,0.7,35.11,7.97,26.86,Fall,October,150,Cluster_3,KByT,KByT,NR2_129,87,Clustering_2
NTO1_178,KBT_04.22.2019_NTO1,NTO1,4/22/19,Offshore,Offshore,KByT,11.8,8.09,17.5,0.05,37026,24216,12128,699615,2.6,36.97,7.88,24.51,Spring,April,151,Cluster_3,KByT,KByT,NTO1_178,88,Clustering_2
SR2_231,KBT_12.09.2019_SR2,SR2,12/9/19,Transition,Offshore,KByT,8.69,6.95,14.9,1.14,30175,11345,5988,717389,0.4,33.61,7.69,26.16,Fall,December,152,Cluster_3,KByT,KByT,SR2_231,89,Clustering_2
HP1_31,KBT_12.08.2017_HP1,HP1,12/8/17,Coastal,Coastal,KByT,7.19,7.38,28.2,0.76,20108,49179,15369,666133,1.1,35.2,8.16,23.9,Fall,December,127,Cluster_3,KByT,HP1,HP1_31,90,Clustering_2
SR2_56,KBT_02.21.2018_SR2,SR2,2/21/18,Transition,Offshore,KByT,31.3,23.5,45.5,1.02,20908,42328,25108,665543,1.6,35.4,7.97,23.24,Winter,February,128,Cluster_3,KByT,KByT,SR2_56,91,Clustering_2
NR2_19,KBT_09.20.2017_NR2,NR2,9/20/17,Transition,Offshore,KByT,9.98,7.52,26,0.88,0,41475,14201,681949,1.9,35.19,8.02,27.09,Summer,September,129,Cluster_3,KByT,KByT,NR2_19,92,Clustering_2
NB_20,KBT_09.20.2017_NB,NB,9/20/17,Coastal,Coastal,KByT,9.98,7.52,26,1,0,42801,17154,666317,2.1,34.8,7.95,27.22,Summer,September,130,Cluster_3,KByT,KByT,NB_20,93,Clustering_2
HP1_21,KBT_11.01.2017_HP1,HP1,11/1/17,Coastal,Coastal,KByT,6.71,6.7,27,1.3,0,54994,24137,678668,1,34.1,7.98,26.5,Fall,November,131,Cluster_3,KByT,HP1,HP1_21,94,Clustering_2
NB_317,KBT_12.23.2020_NB,NB,12/23/20,Coastal,Coastal,KByT,7.71,4.87,9.76,1.48,3073,58511,12842,667532,1.3,34.96,7.87,25.18,Fall,December,132,Cluster_3,KByT,KByT,NB_317,95,Clustering_2
NR2_149,KBT_01.11.2019_NR2,NR2,1/11/19,Transition,Offshore,KByT,14.1,9.24,20.4,1.14,0,7757,4213,660450,0.5,35.3,8.04,24.51,Winter,January,133,Cluster_3,KByT,KByT,NR2_149,96,Clustering_2
SR8_34,KBT_12.08.2017_SR8,SR8,12/8/17,Coastal,Coastal,KByT,7.19,7.38,28.2,0.69,26801,35175,11274,625866,1.2,35.3,8.14,24.4,Fall,December,134,Cluster_3,KByT,KByT,SR8_34,97,Clustering_2
STO1_157,KBT_02.25.2019_STO1,STO1,2/25/19,Offshore,Offshore,KByT,22.8,10.4,28,0.61,41593,6615,6182,648401,0.4,34.97,7.97,23.22,Winter,February,135,Cluster_3,KByT,KByT,STO1_157,98,Clustering_2
NB_130,KBT_10.11.2018_NB,NB,10/11/18,Coastal,Coastal,KByT,27.8,11.1,27.8,0.95,0,132983,19031,697292,1.5,34.77,7.95,27.47,Fall,October,136,Cluster_3,KByT,KByT,NB_130,99,Clustering_2
NB_70,KBT_03.28.2018_NB,NB,3/28/18,Coastal,Coastal,KByT,20.4,9.19,49.8,0.62,0,115697,17443,667301,1.2,34.35,8.09,24.04,Winter,March,137,Cluster_3,KByT,KByT,NB_70,100,Clustering_2
CB_310,KBT_11.16.2020_CB,CB,11/16/20,Coastal,Coastal,KByT,6.43,5.34,8.98,1.38,0,101252,9454,662332,0.8,34.58,8,26.42,Fall,November,138,Cluster_3,KByT,KByT,CB_310,101,Clustering_2
NR2_352,KBT_05.24.2021_NR2,NR2,5/24/21,Transition,Offshore,KByT,12.9,5.82,11.3,0.94,22887,72298,7550,702210,0.4,35.06,7.82,25.36,Spring,May,139,Cluster_3,KByT,KByT,NR2_352,102,Clustering_2
CB_33,KBT_12.08.2017_CB,CB,12/8/17,Coastal,Coastal,KByT,7.19,7.38,28.2,0.7,36383,72201,19005,682316,1.4,35.37,8.16,24.7,Fall,December,140,Cluster_3,KByT,KByT,CB_33,103,Clustering_2
NTO1_138,KBT_11.09.2018_NTO1,NTO1,11/9/18,Offshore,Offshore,KByT,159,24.7,155,1.06,21696,83055,10736,673496,0.5,36.07,7.78,26.68,Fall,November,141,Cluster_3,KByT,KByT,NTO1_138,104,Clustering_2
STO1_127,KBT_10.11.2018_STO1,STO1,10/11/18,Offshore,Offshore,KByT,27.8,11.1,27.8,0.98,65717,89499,9949,689181,2.4,35.05,7.85,26.83,Fall,October,142,Cluster_3,KByT,KByT,STO1_127,105,Clustering_2
SR2_211,KBT_08.29.2019_SR2,SR2,8/29/19,Transition,Offshore,KByT,7.8,4.63,10.7,0.09,56344,66127,4609,663710,0.4,33.01,8.17,27.44,Summer,August,143,Cluster_3,KByT,KByT,SR2_211,106,Clustering_2
NTO1_283,KBT_08.28.2020_NTO1,NTO1,8/28/20,Offshore,Offshore,KByT,6.65,5.81,9.92,1.7,132254,81713,3952,926786,0.3,33.58,7.97,27.06,Summer,August,45,Cluster_3,KByT,KByT,NTO1_283,107,Clustering_2
SR2_201,KBT_08.13.2019_SR2,SR2,8/13/19,Transition,Offshore,KByT,9.76,3.93,11,0.45,123535,52550,4346,836709,0.4,33.25,8.16,27.27,Summer,August,46,Cluster_3,KByT,KByT,SR2_201,108,Clustering_2
STO1_167,KBT_03.21.2019_STO1,STO1,3/21/19,Offshore,Offshore,KByT,13.1,9.18,19.2,-0.01,96692,23559,10185,860160,0.7,35.45,7.93,23.64,Winter,March,47,Cluster_3,KByT,KByT,STO1_167,109,Clustering_2
STO1_87,KBT_06.01.2018_STO1,STO1,6/1/18,Offshore,Offshore,KByT,14.6,8.93,48.2,0.05,88988,29899,4253,882761,0.4,35.09,8.09,24.61,Spring,June,48,Cluster_3,KByT,KByT,STO1_87,110,Clustering_2
NTO1_168,KBT_03.21.2019_NTO1,NTO1,3/21/19,Offshore,Offshore,KByT,13.1,9.18,19.2,-0.07,96666,23336,8413,874821,0.7,35.44,7.91,23.69,Winter,March,49,Cluster_3,KByT,KByT,NTO1_168,111,Clustering_2
STO1_222,KBT_10.07.2019_STO1,STO1,10/7/19,Offshore,Offshore,KByT,10.9,6.73,15.5,2.09,100149,62713,8036,882929,0.2,33.6,8.1,27.63,Fall,October,50,Cluster_3,KByT,KByT,STO1_222,112,Clustering_2
STO1_262,KBT_05.14.2020_STO1,STO1,5/14/20,Offshore,Offshore,KByT,11.5,7.01,12.6,0.59,78798,57618,8469,866555,0.5,33.31,7.62,25.39,Spring,May,51,Cluster_3,KByT,KByT,STO1_262,113,Clustering_2
NR2_179,KBT_04.22.2019_NR2,NR2,4/22/19,Transition,Offshore,KByT,11.8,8.09,17.5,0.17,0,58459,14346,856931,2.2,36.94,7.84,25.16,Spring,April,7,Cluster_3,KByT,KByT,NR2_179,114,Clustering_2
NR2_194,KBT_06.14.2019_NR2,NR2,6/14/19,Transition,Offshore,KByT,11.7,7.45,13,0.69,8571,55178,7337,856708,0.7,36.35,7.72,26.61,Spring,June,8,Cluster_3,KByT,KByT,NR2_194,115,Clustering_2
NB_170,KBT_03.21.2019_NB,NB,3/21/19,Coastal,Coastal,KByT,13.1,9.18,19.2,-0.03,0,47972,10671,885124,1,34.92,7.88,23.66,Winter,March,6,Cluster_3,KByT,KByT,NB_170,116,Clustering_2
NB_245,KBT_01.24.2020_NB,NB,1/24/20,Coastal,Coastal,KByT,8.94,7.09,16.5,0.85,18094,23268,12054,876180,0.9,33.09,7.84,24.32,Winter,January,33,Cluster_3,KByT,KByT,NB_245,117,Clustering_2
SR8_74,KBT_05.01.2018_SR8,SR8,5/1/18,Coastal,Coastal,KByT,18.3,9.63,49.3,1.15,0,86625,21525,878889,1,33.74,8.05,24.41,Spring,May,4,Cluster_3,KByT,KByT,SR8_74,118,Clustering_2
SR8_219,KBT_08.29.2019_SR8,SR8,8/29/19,Coastal,Coastal,KByT,7.8,4.63,10.7,2.29,18580,77577,8220,883218,0.7,33.15,8.15,28.4,Summer,August,5,Cluster_3,KByT,KByT,SR8_219,119,Clustering_2
NTO1_118,KBT_09.11.2018_NTO1,NTO1,9/11/18,Offshore,Offshore,KByT,11.1,9.21,26.1,0.52,46016,89959,16104,883076,1,33.3,8.03,27.14,Summer,September,9,Cluster_3,KByT,KByT,NTO1_118,120,Clustering_2
SR2_271,KBT_07.21.2020_SR2,SR2,7/21/20,Transition,Offshore,KByT,6.94,6.14,11.8,-0.17,42373,79205,9047,883691,0.5,33.31,7.67,26.55,Summer,July,10,Cluster_3,KByT,KByT,SR2_271,121,Clustering_2
SR2_251,KBT_03.20.2020_SR2,SR2,3/20/20,Transition,Offshore,KByT,17,8.4,16.8,0.59,24108,53547,11332,880920,0.7,32.85,7.71,24.04,Winter,March,11,Cluster_3,KByT,KByT,SR2_251,122,Clustering_2
NTO1_351,KBT_05.24.2021_NTO1,NTO1,5/24/21,Offshore,Offshore,KByT,12.9,5.82,11.3,0.81,44487,61479,10925,887565,0.5,35.04,7.85,25.03,Spring,May,12,Cluster_3,KByT,KByT,NTO1_351,123,Clustering_2
STO1_182,KBT_05.21.2019_STO1,STO1,5/21/19,Offshore,Offshore,KByT,12.1,7.63,13.8,-0.29,51476,76598,9975,849279,0.5,36.6,7.88,25.39,Spring,May,24,Cluster_3,KByT,KByT,STO1_182,124,Clustering_2
NTO1_88,KBT_06.01.2018_NTO1,NTO1,6/1/18,Offshore,Offshore,KByT,14.6,8.93,48.2,-0.04,37104,75075,13755,828450,0.9,34.99,8.08,25.12,Spring,June,25,Cluster_3,KByT,KByT,NTO1_88,125,Clustering_2
NR2_264,KBT_05.14.2020_NR2,NR2,5/14/20,Transition,Offshore,KByT,11.5,7.01,12.6,0.59,30792,58892,8666,828292,0.8,33.36,7.58,25.64,Spring,May,26,Cluster_3,KByT,KByT,NR2_264,126,Clustering_2
STO1_57,KBT_02.21.2018_STO1,STO1,2/21/18,Offshore,Offshore,KByT,31.3,23.5,45.5,0.93,59089,76755,34834,806702,1.5,35.51,8.06,23.55,Winter,February,23,Cluster_3,KByT,KByT,STO1_57,127,Clustering_2
STO1_212,KBT_08.29.2019_STO1,STO1,8/29/19,Offshore,Offshore,KByT,7.8,4.63,10.7,0.19,63645,109209,7406,841239,0.4,33.06,8.23,27.86,Summer,August,19,Cluster_3,KByT,KByT,STO1_212,128,Clustering_2
STO1_117,KBT_09.11.2018_STO1,STO1,9/11/18,Offshore,Offshore,KByT,11.1,9.21,26.1,0.41,50873,110460,11668,813369,0.8,33.4,8.02,27.09,Summer,September,20,Cluster_3,KByT,KByT,STO1_117,129,Clustering_2
SR2_281,KBT_08.28.2020_SR2,SR2,8/28/20,Transition,Offshore,KByT,6.65,5.81,9.92,1.38,60244,88896,3900,829907,0.5,33.56,7.87,27.05,Summer,August,21,Cluster_3,KByT,KByT,SR2_281,130,Clustering_2
SR2_361,KBT_06.21.2021_SR2,SR2,6/21/21,Transition,Offshore,KByT,9.2,5.39,12.2,1,43765,85744,7800,816645,0.3,34.83,7.7,25.84,Summer,June,22,Cluster_3,KByT,KByT,SR2_361,131,Clustering_2
STO1_97,KBT_06.19.2018_STO1,STO1,6/19/18,Offshore,Offshore,KByT,12.4,8.8,46.5,0.88,36041,33613,4607,847573,0.3,34.03,8.05,26.21,Spring,June,34,Cluster_3,KByT,KByT,STO1_97,132,Clustering_2
SR2_303,KBT_11.16.2020_SR2,SR2,11/16/20,Transition,Offshore,KByT,6.43,5.34,8.98,1.05,57040,22152,5265,862380,0.4,35.45,7.71,26.18,Fall,November,35,Cluster_3,KByT,KByT,SR2_303,133,Clustering_2
STO1_147,KBT_01.11.2019_STO1,STO1,1/11/19,Offshore,Offshore,KByT,14.1,9.24,20.4,1.39,50676,13598,6011,819433,0.4,35.35,8.08,24.44,Winter,January,27,Cluster_3,KByT,KByT,STO1_147,134,Clustering_2
NTO1_108,KBT_07.23.2018_NTO1,NTO1,7/23/18,Offshore,Offshore,KByT,18.1,10.3,47.6,1.23,66609,40399,4292,814039,0.4,34.11,8.04,26.02,Summer,July,28,Cluster_3,KByT,KByT,NTO1_108,135,Clustering_2
STO1_192,KBT_06.14.2019_STO1,STO1,6/14/19,Offshore,Offshore,KByT,11.7,7.45,13,0.33,79629,38863,3596,819683,0.3,36.8,7.69,25.41,Spring,June,29,Cluster_3,KByT,KByT,STO1_192,136,Clustering_2
NB_307,KBT_11.16.2020_NB,NB,11/16/20,Coastal,Coastal,KByT,6.43,5.34,8.98,1.08,2403,61505,13052,795491,1,35.19,7.96,25.88,Fall,November,36,Cluster_3,KByT,KByT,NB_307,137,Clustering_2
HP1_330,KBT_02.12.2021_HP1,HP1,2/12/21,Coastal,Coastal,KByT,8.95,4.85,11,1.16,1471,51368,7222,777436,11.4,34.71,6.81,24.4,Winter,February,37,Cluster_3,KByT,HP1,HP1_330,138,Clustering_2
SR8_24,KBT_11.01.2017_SR8,SR8,11/1/17,Coastal,Coastal,KByT,6.71,6.7,27,1.7,8610,53918,27444,810968,1.3,33.75,7.97,26.67,Fall,November,38,Cluster_3,KByT,KByT,SR8_24,139,Clustering_2
NB_150,KBT_01.11.2019_NB,NB,1/11/19,Coastal,Coastal,KByT,14.1,9.24,20.4,1.08,0,71295,7613,825838,0.8,34.94,8.02,24.19,Winter,January,39,Cluster_3,KByT,KByT,NB_150,140,Clustering_2
NR2_169,KBT_03.21.2019_NR2,NR2,3/21/19,Transition,Offshore,KByT,13.1,9.18,19.2,-0.06,8754,12902,5749,842415,0.5,35.28,7.89,23.73,Winter,March,30,Cluster_3,KByT,KByT,NR2_169,141,Clustering_2
SR2_146,KBT_01.11.2019_SR2,SR2,1/11/19,Transition,Offshore,KByT,14.1,9.24,20.4,1.44,15501,11918,6458,810364,0.6,35.22,7.85,24.26,Winter,January,31,Cluster_3,KByT,KByT,SR2_146,142,Clustering_2
SR2_241,KBT_01.24.2020_SR2,SR2,1/24/20,Transition,Offshore,KByT,8.94,7.09,16.5,0.78,17543,1970,2114,813481,0.1,32.57,7.57,24.55,Winter,January,32,Cluster_3,KByT,KByT,SR2_241,143,Clustering_2
NTO1_148,KBT_01.11.2019_NTO1,NTO1,1/11/19,Offshore,Offshore,KByT,14.1,9.24,20.4,1.21,50873,13086,5473,784796,0.5,35.3,8.05,24.46,Winter,January,40,Cluster_3,KByT,KByT,NTO1_148,144,Clustering_2
NR2_159,KBT_02.25.2019_NR2,NR2,2/25/19,Transition,Offshore,KByT,22.8,10.4,28,0.37,32603,17903,10198,770451,1.3,34.81,7.92,23.48,Winter,February,41,Cluster_3,KByT,KByT,NR2_159,145,Clustering_2
HP1_246,KBT_01.24.2020_HP1,HP1,1/24/20,Coastal,Coastal,KByT,8.94,7.09,16.5,0.96,2666,19329,5279,754379,0.9,33.09,7.81,24.21,Winter,January,42,Cluster_3,KByT,HP1,HP1_246,146,Clustering_2
KAHO_335,NERR_02.12.2021_KAHO,KAHO,2/12/21,Coastal,Coastal,KAHO,8.95,4.85,11,1.22,118,5594,2245,785197,0.5,34.18,7.94,25.8,Winter,February,43,Cluster_3,KAHO,KAHO,KAHO_335,147,Clustering_2
STO1_362,KBT_06.21.2021_STO1,STO1,6/21/21,Offshore,Offshore,KByT,9.2,5.39,12.2,1.17,59338,119924,6513,733081,0.3,34.82,7.91,25.81,Summer,June,153,Cluster_3,KByT,KByT,STO1_362,148,Clustering_2
STO1_252,KBT_03.20.2020_STO1,STO1,3/20/20,Offshore,Offshore,KByT,17,8.4,16.8,0.65,36386,97234,15573,766118,0.8,32.82,7.85,23.88,Winter,March,154,Cluster_3,KByT,KByT,STO1_252,149,Clustering_2
KAHO_359,NERR_05.24.2021_KAHO,KAHO,5/24/21,Coastal,Coastal,KAHO,12.9,5.82,11.3,2.18,919,103221,7471,758462,0.5,34.53,7.14,27.09,Spring,May,155,Cluster_3,KAHO,KAHO,KAHO_359,150,Clustering_2
NR2_9,KBT_08.23.2017_NR2,NR2,8/23/17,Transition,Offshore,KByT,8.99,9.52,28.1,0.39,0,80496,12416,748374,1.4,35.08,7.94,27.91,Summer,August,156,Cluster_3,KByT,KByT,NR2_9,151,Clustering_2
NTO1_203,KBT_08.13.2019_NTO1,NTO1,8/13/19,Offshore,Offshore,KByT,9.76,3.93,11,0.94,18370,83473,9966,733159,0.8,33.29,8.16,27.82,Summer,August,157,Cluster_3,KByT,KByT,NTO1_203,152,Clustering_2
SR8_64,KBT_03.28.2018_SR8,SR8,3/28/18,Coastal,Coastal,KByT,20.4,9.19,49.8,0.77,0,118506,24964,817727,1.1,33.97,8.04,24.18,Winter,March,13,Cluster_3,KByT,KByT,SR8_64,153,Clustering_2
SB_25,KBT_11.01.2017_SB,SB,11/1/17,Coastal,Coastal,KByT,6.71,6.7,27,1.78,0,94526,22470,819840,0.9,33.85,8.03,26.51,Fall,November,14,Cluster_3,KByT,KByT,SB_25,154,Clustering_2
NB_180,KBT_04.22.2019_NB,NB,4/22/19,Coastal,Coastal,KByT,11.8,8.09,17.5,0.3,0,105591,24386,817163,1.9,36.2,7.76,25.73,Spring,April,15,Cluster_3,KByT,KByT,NB_180,155,Clustering_2
AR_22,KBT_11.01.2017_AR,AR,11/1/17,Coastal,Coastal,KByT,6.71,6.7,27,1.41,0,114660,49980,854608,1.9,34.09,7.98,26.5,Fall,November,16,Cluster_3,KByT,KByT,AR_22,156,Clustering_2
AR_32,KBT_12.08.2017_AR,AR,12/8/17,Coastal,Coastal,KByT,7.19,7.38,28.2,0.72,27011,122929,23218,851878,1.4,34.8,8.18,23.6,Fall,December,17,Cluster_3,KByT,KByT,AR_32,157,Clustering_2
SR8_144,KBT_01.11.2019_SR8,SR8,1/11/19,Coastal,Coastal,KByT,14.1,9.24,20.4,0.72,11642,103202,16892,847035,1.4,34.84,7.93,24.16,Winter,January,18,Cluster_3,KByT,KByT,SR8_144,158,Clustering_2
SB_240,KBT_12.09.2019_SB,SB,12/9/19,Coastal,Coastal,KByT,8.69,6.95,14.9,1.43,4701,179236,16361,831010,0.8,33.43,7.92,25.86,Fall,December,1,Cluster_3,KByT,KByT,SB_240,159,Clustering_2
NB_10,KBT_08.23.2017_NB,NB,8/23/17,Coastal,Coastal,KByT,8.99,9.52,28.1,0.5,0,155820,20475,773364,1.6,34.42,7.89,28.29,Summer,August,2,Cluster_3,KByT,KByT,NB_10,160,Clustering_2
NB_255,KBT_03.20.2020_NB,NB,3/20/20,Coastal,Coastal,KByT,17,8.4,16.8,0.86,16400,125005,19604,782085,1.4,32.91,7.89,24.57,Winter,March,3,Cluster_3,KByT,KByT,NB_255,161,Clustering_2
NTO1_253,KBT_03.20.2020_NTO1,NTO1,3/20/20,Offshore,Offshore,KByT,17,8.4,16.8,0.78,162205,10373,7353,703891,0.5,33.17,7.8,24.08,Winter,March,117,Cluster_3,KByT,KByT,NTO1_253,162,Clustering_2
NTO1_223,KBT_10.07.2019_NTO1,NTO1,10/7/19,Offshore,Offshore,KByT,10.9,6.73,15.5,2.04,175310,10400,1405,720790,0.2,33.63,8.13,27.7,Fall,October,118,Cluster_3,KByT,KByT,NTO1_223,163,Clustering_2
NTO1_363,KBT_06.21.2021_NTO1,NTO1,6/21/21,Offshore,Offshore,KByT,9.2,5.39,12.2,1.41,180930,20904,2062,707462,0.1,34.83,8,25.67,Summer,June,119,Cluster_3,KByT,KByT,NTO1_363,164,Clustering_2
STO1_350,KBT_05.24.2021_STO1,STO1,5/24/21,Offshore,Offshore,KByT,12.9,5.82,11.3,0.51,268538,12093,2902,826112,0.1,35.05,7.71,24.91,Spring,May,116,Cluster_3,KByT,KByT,STO1_350,165,Clustering_2
NTO1_273,KBT_07.21.2020_NTO1,NTO1,7/21/20,Offshore,Offshore,KByT,6.94,6.14,11.8,0.18,162717,66140,2863,777935,0.2,33.26,7.78,26.74,Summer,July,120,Cluster_3,KByT,KByT,NTO1_273,166,Clustering_2
STO1_202,KBT_08.13.2019_STO1,STO1,8/13/19,Offshore,Offshore,KByT,9.76,3.93,11,0.59,197225,48046,3243,774928,0.4,33.25,8.2,27.32,Summer,August,121,Cluster_3,KByT,KByT,STO1_202,167,Clustering_2
STO1_272,KBT_07.21.2020_STO1,STO1,7/21/20,Offshore,Offshore,KByT,6.94,6.14,11.8,-0.06,228660,30083,2350,779445,0.1,33.24,7.82,26.69,Summer,July,122,Cluster_3,KByT,KByT,STO1_272,168,Clustering_2
STO1_282,KBT_08.28.2020_STO1,STO1,8/28/20,Offshore,Offshore,KByT,6.65,5.81,9.92,1.5,260450,28336,1760,663120,0.2,33.52,7.93,26.74,Summer,August,105,Cluster_3,KByT,KByT,STO1_282,169,Clustering_2
STO1_314,KBT_12.23.2020_STO1,STO1,12/23/20,Offshore,Offshore,KByT,7.71,4.87,9.76,1.52,283087,24528,4661,686138,0.2,35.19,7.89,25.58,Fall,December,106,Cluster_3,KByT,KByT,STO1_314,170,Clustering_2
NTO1_315,KBT_12.23.2020_NTO1,NTO1,12/23/20,Offshore,Offshore,KByT,7.71,4.87,9.76,1.51,286304,21837,4294,673939,0.2,35.18,7.82,25.61,Fall,December,107,Cluster_3,KByT,KByT,NTO1_315,171,Clustering_2
NTO1_233,KBT_12.09.2019_NTO1,NTO1,12/9/19,Offshore,Offshore,KByT,8.69,6.95,14.9,1.25,252453,3086,1221,569786,0.1,33.68,8.03,26.71,Fall,December,111,Cluster_3,KByT,KByT,NTO1_233,172,Clustering_2
NR2_244,KBT_01.24.2020_NR2,NR2,1/24/20,Transition,Offshore,KByT,8.94,7.09,16.5,0.83,262209,3887,2153,564415,0.1,33.22,7.84,24.88,Winter,January,112,Cluster_3,KByT,KByT,NR2_244,173,Clustering_2
NTO1_243,KBT_01.24.2020_NTO1,NTO1,1/24/20,Offshore,Offshore,KByT,8.94,7.09,16.5,0.81,275668,3939,1720,600315,0.1,33.45,7.83,24.91,Winter,January,113,Cluster_3,KByT,KByT,NTO1_243,174,Clustering_2
STO1_326,KBT_02.12.2021_STO1,STO1,2/12/21,Offshore,Offshore,KByT,8.95,4.85,11,0.53,250116,6237,3046,611542,0.2,35.03,7.99,24.52,Winter,February,109,Cluster_3,KByT,KByT,STO1_326,175,Clustering_2
NTO1_327,KBT_02.12.2021_NTO1,NTO1,2/12/21,Offshore,Offshore,KByT,8.95,4.85,11,0.51,242789,8496,3178,621324,0.2,35.05,7.93,24.5,Winter,February,110,Cluster_3,KByT,KByT,NTO1_327,176,Clustering_2
NR2_234,KBT_12.09.2019_NR2,NR2,12/9/19,Transition,Offshore,KByT,8.69,6.95,14.9,1.28,224458,7406,2508,592200,0.2,33.68,8.07,26.6,Fall,December,108,Cluster_3,KByT,KByT,NR2_234,177,Clustering_2
STO1_232,KBT_12.09.2019_STO1,STO1,12/9/19,Offshore,Offshore,KByT,8.69,6.95,14.9,1.18,252112,4333,1746,594288,0.1,33.66,8.05,26.67,Fall,December,114,Cluster_3,KByT,KByT,STO1_232,178,Clustering_2
STO1_242,KBT_01.24.2020_STO1,STO1,1/24/20,Offshore,Offshore,KByT,8.94,7.09,16.5,0.78,248107,5344,3204,596756,0.2,33.47,7.84,24.81,Winter,January,115,Cluster_3,KByT,KByT,STO1_242,179,Clustering_2
NR2_39,KBT_12.08.2017_NR2,NR2,12/8/17,Transition,Offshore,KByT,7.19,7.38,28.2,2.03,23113,2074,1549,348075,0.2,35.5,8.18,24.9,Fall,December,96,Cluster_3,KByT,KByT,NR2_39,180,Clustering_2
NR2_29,KBT_11.01.2017_NR2,NR2,11/1/17,Transition,Offshore,KByT,6.71,6.7,27,1.71,56346,7823,3662,394196,0.5,34.55,8.1,27.03,Fall,November,97,Cluster_3,KByT,KByT,NR2_29,181,Clustering_2
NR2_328,KBT_02.12.2021_NR2,NR2,2/12/21,Transition,Offshore,KByT,8.95,4.85,11,0.51,102683,4438,2508,395855,0.2,35.05,8,24.42,Winter,February,98,Cluster_3,KByT,KByT,NR2_328,182,Clustering_2
STO1_47,KBT_01.29.2018_STO1,STO1,1/29/18,Offshore,Offshore,KByT,5.99,7.31,24.5,0.99,67594,3872,3413,447221,0.9,34.36,8.19,24.81,Winter,January,100,Cluster_3,KByT,KByT,STO1_47,183,Clustering_2
STO1_37,KBT_12.08.2017_STO1,STO1,12/8/17,Offshore,Offshore,KByT,7.19,7.38,28.2,2.16,81113,4909,3150,480480,0.3,35.5,8.18,25.05,Fall,December,101,Cluster_3,KByT,KByT,STO1_37,184,Clustering_2
NTO1_68,KBT_03.28.2018_NTO1,NTO1,3/28/18,Offshore,Offshore,KByT,20.4,9.19,49.8,1.29,84998,6471,4148,474653,0.3,34.61,8.17,24,Winter,March,102,Cluster_3,KByT,KByT,NTO1_68,185,Clustering_2
SR2_36,KBT_12.08.2017_SR2,SR2,12/8/17,Transition,Offshore,KByT,7.19,7.38,28.2,2.2,70980,10592,6353,481950,0.5,35.56,8.12,24.9,Fall,December,103,Cluster_3,KByT,KByT,SR2_36,186,Clustering_2
NTO1_48,KBT_01.29.2018_NTO1,NTO1,1/29/18,Offshore,Offshore,KByT,5.99,7.31,24.5,0.76,75758,3767,3334,493264,0.6,34.36,8.2,24.63,Winter,January,104,Cluster_3,KByT,KByT,NTO1_48,187,Clustering_2
HP1_308,KBT_11.16.2020_HP1,HP1,11/16/20,Coastal,Coastal,KByT,6.43,5.34,8.98,1.35,0,73900,3033,460931,1,34.99,7.95,25.83,Fall,November,99,Cluster_3,KByT,HP1,HP1_308,188,Clustering_2
NTO1_128,KBT_10.11.2018_NTO1,NTO1,10/11/18,Offshore,Offshore,KByT,27.8,11.1,27.8,0.93,22470,37131,5696,513739,0.5,35.01,7.85,26.8,Fall,October,177,Cluster_3,KByT,KByT,NTO1_128,189,Clustering_2
SR2_66,KBT_03.28.2018_SR2,SR2,3/28/18,Transition,Offshore,KByT,20.4,9.19,49.8,1.17,31881,25003,7993,532363,0.5,34.5,8.11,24.31,Winter,March,176,Cluster_3,KByT,KByT,SR2_66,190,Clustering_2
NR2_184,KBT_05.21.2019_NR2,NR2,5/21/19,Transition,Offshore,KByT,12.1,7.63,13.8,-0.34,19425,35149,4725,540671,0.6,36.61,7.79,25.48,Spring,May,174,Cluster_3,KByT,KByT,NR2_184,191,Clustering_2
NB_235,KBT_12.09.2019_NB,NB,12/9/19,Coastal,Coastal,KByT,8.69,6.95,14.9,1.34,14601,42111,10295,532836,0.7,33.47,7.96,25.61,Fall,December,175,Cluster_3,KByT,KByT,NB_235,192,Clustering_2
NTO1_8,KBT_08.23.2017_NTO1,NTO1,8/23/17,Offshore,Offshore,KByT,8.99,9.52,28.1,0.3,43168,26670,2402,492122,0.3,34.9,8.08,27.01,Summer,August,171,Cluster_3,KByT,KByT,NTO1_8,193,Clustering_2
SR2_26,KBT_11.01.2017_SR2,SR2,11/1/17,Transition,Offshore,KByT,6.71,6.7,27,1.86,25358,5828,22076,512938,0.7,34.5,8.08,26.55,Fall,November,172,Cluster_3,KByT,KByT,SR2_26,194,Clustering_2
SR2_46,KBT_01.29.2018_SR2,SR2,1/29/18,Transition,Offshore,KByT,5.99,7.31,24.5,1.07,11261,7245,3728,507964,1,34.3,8.19,24.7,Winter,January,173,Cluster_3,KByT,KByT,SR2_46,195,Clustering_2
NTO1_305,KBT_11.16.2020_NTO1,NTO1,11/16/20,Offshore,Offshore,KByT,6.43,5.34,8.98,1.04,153880,8745,3243,578137,0.2,35.45,8.06,26.81,Fall,November,165,Cluster_3,KByT,KByT,NTO1_305,196,Clustering_2
NTO1_339,KBT_04.16.2021_NTO1,NTO1,4/16/21,Offshore,Offshore,KByT,10.7,6.07,13.7,-0.16,158620,20182,4399,616321,0.2,34.97,7.91,24.14,Spring,April,166,Cluster_3,KByT,KByT,NTO1_339,197,Clustering_2
SR2_16,KBT_09.20.2017_SR2,SR2,9/20/17,Transition,Offshore,KByT,9.98,7.52,26,0.46,85168,27248,4476,599773,0.6,35.25,8.12,26.94,Summer,September,163,Cluster_3,KByT,KByT,SR2_16,198,Clustering_2
STO1_304,KBT_11.16.2020_STO1,STO1,11/16/20,Offshore,Offshore,KByT,6.43,5.34,8.98,1.04,95579,12855,4977,603873,0.3,35.4,7.89,26.56,Fall,November,164,Cluster_3,KByT,KByT,STO1_304,199,Clustering_2
NR2_59,KBT_02.21.2018_NR2,NR2,2/21/18,Transition,Offshore,KByT,31.3,23.5,45.5,0.68,50124,19386,9857,571213,0.7,35.65,8.12,23.34,Winter,February,188,Cluster_3,KByT,KByT,NR2_59,200,Clustering_2
NTO1_158,KBT_02.25.2019_NTO1,NTO1,2/25/19,Offshore,Offshore,KByT,22.8,10.4,28,0.43,52395,5841,4449,572933,0.3,34.97,7.96,23.36,Winter,February,189,Cluster_3,KByT,KByT,NTO1_158,201,Clustering_2
STO1_7,KBT_08.23.2017_STO1,STO1,8/23/17,Offshore,Offshore,KByT,8.99,9.52,28.1,0.18,72909,24268,3898,581595,0.4,34.9,8.09,26.88,Summer,August,190,Cluster_3,KByT,KByT,STO1_7,202,Clustering_2
NTO1_58,KBT_02.21.2018_NTO1,NTO1,2/21/18,Offshore,Offshore,KByT,31.3,23.5,45.5,0.74,71571,8243,7823,581057,0.8,35.13,8.12,23.18,Winter,February,191,Cluster_3,KByT,KByT,NTO1_58,203,Clustering_2
NR2_254,KBT_03.20.2020_NR2,NR2,3/20/20,Transition,Offshore,KByT,17,8.4,16.8,0.82,59666,8364,3716,584715,0.3,33.24,7.8,24.03,Winter,March,192,Cluster_3,KByT,KByT,NR2_254,204,Clustering_2
STO1_67,KBT_03.28.2018_STO1,STO1,3/28/18,Offshore,Offshore,KByT,20.4,9.19,49.8,1.23,74025,8098,7521,549951,0.4,34.61,8.16,24.14,Winter,March,185,Cluster_3,KByT,KByT,STO1_67,205,Clustering_2
STO1_27,KBT_11.01.2017_STO1,STO1,11/1/17,Offshore,Offshore,KByT,6.71,6.7,27,1.84,63564,24439,7311,532166,0.5,34.53,8.12,26.31,Fall,November,186,Cluster_3,KByT,KByT,STO1_27,206,Clustering_2
NTO1_28,KBT_11.01.2017_NTO1,NTO1,11/1/17,Offshore,Offshore,KByT,6.71,6.7,27,1.79,81113,31369,4843,543703,0.6,34.51,8.1,26.34,Fall,November,187,Cluster_3,KByT,KByT,NTO1_28,207,Clustering_2
NR2_316,KBT_12.23.2020_NR2,NR2,12/23/20,Transition,Offshore,KByT,7.71,4.87,9.76,1.5,122852,19657,6211,565203,0.5,35.19,7.89,25.6,Fall,December,158,Cluster_3,KByT,KByT,NR2_316,208,Clustering_2
STO1_17,KBT_09.20.2017_STO1,STO1,9/20/17,Offshore,Offshore,KByT,9.98,7.52,26,0.6,106168,10526,2428,567578,0.3,35.27,8.64,26.19,Summer,September,159,Cluster_3,KByT,KByT,STO1_17,209,Clustering_2
NTO1_18,KBT_09.20.2017_NTO1,NTO1,9/20/17,Offshore,Offshore,KByT,9.98,7.52,26,0.77,113833,10631,2756,556369,0.4,35.25,8.14,27.02,Summer,September,160,Cluster_3,KByT,KByT,NTO1_18,210,Clustering_2
NTO1_38,KBT_12.08.2017_NTO1,NTO1,12/8/17,Offshore,Offshore,KByT,7.19,7.38,28.2,2.09,99396,7757,3570,527809,0.4,35.5,8.2,24.94,Fall,December,161,Cluster_3,KByT,KByT,NTO1_38,211,Clustering_2
SR2_325,KBT_02.12.2021_SR2,SR2,2/12/21,Transition,Offshore,KByT,8.95,4.85,11,0.56,129614,7944,3585,521937,0.2,35.03,7.69,24.39,Winter,February,162,Cluster_3,KByT,KByT,SR2_325,212,Clustering_2
NB_30,KBT_11.01.2017_NB,NB,11/1/17,Coastal,Coastal,KByT,6.71,6.7,27,1.51,0,39664,21092,576844,0.9,34.24,8.02,26.6,Fall,November,183,Cluster_3,KByT,KByT,NB_30,213,Clustering_2
NR2_69,KBT_03.28.2018_NR2,NR2,3/28/18,Transition,Offshore,KByT,20.4,9.19,49.8,1.35,23192,24780,8663,592489,0.5,34.39,8.14,24.05,Winter,March,180,Cluster_3,KByT,KByT,NR2_69,214,Clustering_2
NB_40,KBT_12.08.2017_NB,NB,12/8/17,Coastal,Coastal,KByT,7.19,7.38,28.2,0.71,27064,52316,14451,589943,1.1,35.43,8.15,27.4,Fall,December,184,Cluster_3,KByT,KByT,NB_40,215,Clustering_2
NR2_49,KBT_01.29.2018_NR2,NR2,1/29/18,Transition,Offshore,KByT,5.99,7.31,24.5,0.73,9056,6943,3334,584469,0.9,34.35,8.17,24.84,Winter,January,181,Cluster_3,KByT,KByT,NR2_49,216,Clustering_2
NR2_79,KBT_05.01.2018_NR2,NR2,5/1/18,Transition,Offshore,KByT,18.3,9.63,49.3,-0.16,9148,8400,4778,575820,0.4,34.6,8.07,23.99,Spring,May,182,Cluster_3,KByT,KByT,NR2_79,217,Clustering_2
NB_60,KBT_02.21.2018_NB,NB,2/21/18,Coastal,Coastal,KByT,31.3,23.5,45.5,0.61,0,20318,9739,545121,1.1,35.17,8.07,23.91,Winter,February,178,Cluster_3,KByT,KByT,NB_60,218,Clustering_2
NR2_306,KBT_11.16.2020_NR2,NR2,11/16/20,Transition,Offshore,KByT,6.43,5.34,8.98,1.06,24331,17372,8653,560450,0.5,35.35,8.05,26.27,Fall,November,179,Cluster_3,KByT,KByT,NR2_306,219,Clustering_2
AR_237,KBT_12.09.2019_AR,AR,12/9/19,Coastal,Coastal,KByT,8.69,6.95,14.9,1.46,6749,75450,14142,621324,1.1,33.48,7.83,25.72,Fall,December,167,Cluster_3,KByT,KByT,AR_237,220,Clustering_2
SR8_239,KBT_12.09.2019_SR8,SR8,12/9/19,Coastal,Coastal,KByT,8.69,6.95,14.9,1.44,12093,75410,15941,603729,1.2,33.56,7.92,25.92,Fall,December,168,Cluster_3,KByT,KByT,SR8_239,221,Clustering_2
HP1_236,KBT_12.09.2019_HP1,HP1,12/9/19,Coastal,Coastal,KByT,8.69,6.95,14.9,1.46,10203,120830,19644,605488,1.1,33.55,7.59,25.88,Fall,December,169,Cluster_3,KByT,HP1,HP1_236,222,Clustering_2
CB_238,KBT_12.09.2019_CB,CB,12/9/19,Coastal,Coastal,KByT,8.69,6.95,14.9,1.45,9638,115499,19000,566017,0.9,33.52,7.89,26.08,Fall,December,170,Cluster_3,KByT,KByT,CB_238,223,Clustering_3
HP1_276,KBT_07.21.2020_HP1,HP1,7/21/20,Coastal,Coastal,KByT,6.94,6.14,11.8,1.82,158,290677,21548,1301474,0.9,33.31,7.27,28.07,Summer,July,258,Cluster_2,KByT,HP1,HP1_276,224,Clustering_3
HP1_354,KBT_05.24.2021_HP1,HP1,5/24/21,Coastal,Coastal,KByT,12.9,5.82,11.3,2.06,2587,270876,22336,1336954,0.8,34.66,7.64,26.32,Spring,May,261,Cluster_2,KByT,HP1,HP1_354,225,Clustering_3
AR_227,KBT_10.07.2019_AR,AR,10/7/19,Coastal,Coastal,KByT,10.9,6.73,15.5,1.75,0,228608,13971,1352973,1.3,33.2,7.91,27.84,Fall,October,259,Cluster_2,KByT,KByT,AR_227,226,Clustering_3
CB_320,KBT_12.23.2020_CB,CB,12/23/20,Coastal,Coastal,KByT,7.71,4.87,9.76,1.03,2639,236552,22296,1352816,1.4,34.73,7.76,25,Fall,December,260,Cluster_2,KByT,KByT,CB_320,227,Clustering_3
SR8_84,KBT_06.01.2018_SR8,SR8,6/1/18,Coastal,Coastal,KByT,14.6,8.93,48.2,0.63,0,273971,26447,1374188,1.2,34.97,8.04,25.94,Spring,June,262,Cluster_2,KByT,KByT,SR8_84,228,Clustering_3
SR8_311,KBT_11.16.2020_SR8,SR8,11/16/20,Coastal,Coastal,KByT,6.43,5.34,8.98,1.39,4228,254436,11201,1371133,4.1,35.42,8.02,25.97,Fall,November,263,Cluster_2,KByT,KByT,SR8_311,229,Clustering_3
AR_132,KBT_11.09.2018_AR,AR,11/9/18,Coastal,Coastal,KByT,159,24.7,155,1.14,0,172646,23100,1292484,1.9,33.67,7.77,27.04,Fall,November,249,Cluster_2,KByT,KByT,AR_132,230,Clustering_3
SR8_14,KBT_09.20.2017_SR8,SR8,9/20/17,Coastal,Coastal,KByT,9.98,7.52,26,0.15,0,191363,19320,1305373,1.8,35.12,7.98,27.14,Summer,September,250,Cluster_2,KByT,KByT,SR8_14,231,Clustering_3
NR2_214,KBT_08.29.2019_NR2,NR2,8/29/19,Transition,Offshore,KByT,7.8,4.63,10.7,0.65,9008,187206,12041,1308604,1,32.95,8.08,28.41,Summer,August,251,Cluster_2,KByT,KByT,NR2_214,232,Clustering_3
SR8_124,KBT_10.11.2018_SR8,SR8,10/11/18,Coastal,Coastal,KByT,27.8,11.1,27.8,1.38,0,177804,23940,1307683,1.2,33.67,7.84,27.1,Fall,October,252,Cluster_2,KByT,KByT,SR8_124,233,Clustering_3
HP1_196,KBT_06.14.2019_HP1,HP1,6/14/19,Coastal,Coastal,KByT,11.7,7.45,13,1.92,0,186323,27129,1320375,1.1,36.3,7.66,28.28,Spring,June,253,Cluster_2,KByT,HP1,HP1_196,234,Clustering_3
AR_72,KBT_05.01.2018_AR,AR,5/1/18,Coastal,Coastal,KByT,18.3,9.63,49.3,0.9,0,224175,40911,1316438,1.3,33.88,8.07,24.62,Spring,May,254,Cluster_2,KByT,KByT,AR_72,235,Clustering_3
AR_142,KBT_01.11.2019_AR,AR,1/11/19,Coastal,Coastal,KByT,14.1,9.24,20.4,1.03,0,216786,20344,1319063,1.7,35,7.99,23.2,Winter,January,255,Cluster_2,KByT,KByT,AR_142,236,Clustering_3
SR8_114,KBT_09.11.2018_SR8,SR8,9/11/18,Coastal,Coastal,KByT,11.1,9.21,26.1,2.02,0,222167,19215,1297708,1.3,32.9,7.92,28.22,Summer,September,256,Cluster_2,KByT,KByT,SR8_114,237,Clustering_3
NB_195,KBT_06.14.2019_NB,NB,6/14/19,Coastal,Coastal,KByT,11.7,7.45,13,0.83,0,247734,22247,1295424,1.4,35.88,7.66,28.13,Spring,June,257,Cluster_2,KByT,KByT,NB_195,238,Clustering_3
AR_343,KBT_04.16.2021_AR,AR,4/16/21,Coastal,Coastal,KByT,10.7,6.07,13.7,-0.07,2534,94988,10084,1381205,1.4,34.57,7.63,24.9,Spring,April,234,Cluster_2,KByT,KByT,AR_343,239,Clustering_3
HP1_342,KBT_04.16.2021_HP1,HP1,4/16/21,Coastal,Coastal,KByT,10.7,6.07,13.7,-0.5,788,59417,8771,1415988,1.4,34.6,7.97,24.88,Spring,April,235,Cluster_2,KByT,HP1,HP1_342,240,Clustering_3
SR8_345,KBT_04.16.2021_SR8,SR8,4/16/21,Coastal,Coastal,KByT,10.7,6.07,13.7,-0.68,3099,63409,8181,1388794,0.4,34.84,7.94,25.02,Spring,April,236,Cluster_2,KByT,KByT,SR8_345,241,Clustering_3
AR_42,KBT_01.29.2018_AR,AR,1/29/18,Coastal,Coastal,KByT,5.99,7.31,24.5,0.87,0,73014,20055,1403063,2,34,8.02,24.21,Winter,January,237,Cluster_2,KByT,KByT,AR_42,242,Clustering_3
SR8_289,KBT_08.28.2020_SR8,SR8,8/28/20,Coastal,Coastal,KByT,6.65,5.81,9.92,2.46,0,75266,9822,1403461,0.8,33.66,7.89,27.79,Summer,August,238,Cluster_2,KByT,KByT,SR8_289,243,Clustering_3
SR8_229,KBT_10.07.2019_SR8,SR8,10/7/19,Coastal,Coastal,KByT,10.9,6.73,15.5,1.9,775,119911,13906,1328379,1.3,33.2,7.97,27.62,Fall,October,228,Cluster_2,KByT,KByT,SR8_229,244,Clustering_3
HP1_41,KBT_01.29.2018_HP1,HP1,1/29/18,Coastal,Coastal,KByT,5.99,7.31,24.5,0.84,0,126591,13624,1358438,2,33.85,7.62,24.02,Winter,January,229,Cluster_2,KByT,HP1,HP1_41,245,Clustering_3
CB_344,KBT_04.16.2021_CB,CB,4/16/21,Coastal,Coastal,KByT,10.7,6.07,13.7,0.58,2009,119569,7629,1365737,0.7,34.32,7.83,24.61,Spring,April,230,Cluster_2,KByT,KByT,CB_344,246,Clustering_3
NB_285,KBT_08.28.2020_NB,NB,8/28/20,Coastal,Coastal,KByT,6.65,5.81,9.92,1.89,7576,165750,11778,1359933,1,33.58,7.9,28.31,Summer,August,231,Cluster_2,KByT,KByT,NB_285,247,Clustering_3
AR_172,KBT_04.22.2019_AR,AR,4/22/19,Coastal,Coastal,KByT,11.8,8.09,17.5,0.42,0,186047,23625,1391250,1.9,36.26,7.76,25.89,Spring,April,232,Cluster_2,KByT,KByT,AR_172,248,Clustering_3
AR_319,KBT_12.23.2020_AR,AR,12/23/20,Coastal,Coastal,KByT,7.71,4.87,9.76,1.08,1891,170005,18068,1397933,1.6,34.44,7.71,25.61,Fall,December,233,Cluster_2,KByT,KByT,AR_319,249,Clustering_3
HP1_71,KBT_05.01.2018_HP1,HP1,5/1/18,Coastal,Coastal,KByT,18.3,9.63,49.3,0.68,0,151659,31566,1207001,1.3,33.75,8.08,24.59,Spring,May,284,Cluster_2,KByT,HP1,HP1_71,250,Clustering_3
NB_265,KBT_05.14.2020_NB,NB,5/14/20,Coastal,Coastal,KByT,11.5,7.01,12.6,0.59,1156,148759,10912,1211804,0.9,33.26,7.64,26.7,Spring,May,285,Cluster_2,KByT,KByT,NB_265,251,Clustering_3
HP1_171,KBT_04.22.2019_HP1,HP1,4/22/19,Coastal,Coastal,KByT,11.8,8.09,17.5,1.15,0,143994,40031,1265539,2.6,35.92,7.7,28.65,Spring,April,286,Cluster_2,KByT,KByT,HP1_171,252,Clustering_3
SR2_291,KBT_09.22.2020_SR2,SR2,9/22/20,Transition,Offshore,KByT,6.34,5.38,8.23,1.31,21692,181757,17451,1262318,1,35.44,7.5,27.27,Summer,September,287,Cluster_2,KByT,KByT,SR2_291,253,Clustering_3
SB_35,KBT_12.08.2017_SB,SB,12/8/17,Coastal,Coastal,KByT,7.19,7.38,28.2,0.7,26289,157553,30634,1241901,1.8,35.29,8.18,24.1,Fall,December,288,Cluster_2,KByT,KByT,SB_35,254,Clustering_3
HP1_81,KBT_06.01.2018_HP1,HP1,6/1/18,Coastal,Coastal,KByT,14.6,8.93,48.2,0.23,0,166373,30673,1247046,1.8,33.81,8.05,25.5,Spring,June,289,Cluster_2,KByT,HP1,HP1_81,255,Clustering_3
NR2_284,KBT_08.28.2020_NR2,NR2,8/28/20,Transition,Offshore,KByT,6.65,5.81,9.92,1.79,28756,102499,19013,1294331,0.8,33.66,7.95,27.9,Summer,August,280,Cluster_2,KByT,KByT,NR2_284,256,Clustering_3
HP1_161,KBT_03.21.2019_HP1,HP1,3/21/19,Coastal,Coastal,KByT,13.1,9.18,19.2,0.87,0,78383,14766,1267757,1.2,34.54,7.78,24.07,Winter,March,281,Cluster_2,KByT,HP1,HP1_161,257,Clustering_3
SR2_126,KBT_10.11.2018_SR2,SR2,10/11/18,Transition,Offshore,KByT,27.8,11.1,27.8,1.04,14241,106509,14779,1259252,1,34.89,7.64,26.93,Fall,October,282,Cluster_2,KByT,KByT,SR2_126,258,Clustering_3
HP1_286,KBT_08.28.2020_HP1,HP1,8/28/20,Coastal,Coastal,KByT,6.65,5.81,9.92,2.42,0,103891,12776,1265128,1.1,33.31,7.45,28,Summer,August,283,Cluster_2,KByT,HP1,HP1_286,259,Clustering_3
SR2_156,KBT_02.25.2019_SR2,SR2,2/25/19,Transition,Offshore,KByT,22.8,10.4,28,0.73,0,6654,6129,1245628,1,34.45,7.92,23.62,Winter,February,276,Cluster_2,KByT,KByT,SR2_156,260,Clustering_3
CB_153,KBT_02.25.2019_CB,CB,2/25/19,Coastal,Coastal,KByT,22.8,10.4,28,0.12,0,40438,16918,1262336,1.9,33.27,7.86,23.83,Winter,February,277,Cluster_2,KByT,KByT,CB_153,261,Clustering_3
SR8_154,KBT_02.25.2019_SR8,SR8,2/25/19,Coastal,Coastal,KByT,22.8,10.4,28,0.13,0,31395,11471,1277351,1.7,33.97,7.81,23.84,Winter,February,278,Cluster_2,KByT,KByT,SR8_154,262,Clustering_3
AR_247,KBT_01.24.2020_AR,AR,1/24/20,Coastal,Coastal,KByT,8.94,7.09,16.5,0.99,3480,36057,8181,1285218,1.4,33.08,7.92,24.26,Winter,January,279,Cluster_2,KByT,KByT,AR_247,263,Clustering_3
HP1_151,KBT_02.25.2019_HP1,HP1,2/25/19,Coastal,Coastal,KByT,22.8,10.4,28,0.13,0,23704,15540,1350563,2.5,32.85,7.81,23.51,Winter,February,239,Cluster_2,KByT,HP1,HP1_151,264,Clustering_3
AR_331,KBT_02.12.2021_AR,AR,2/12/21,Coastal,Coastal,KByT,8.95,4.85,11,0.55,2508,63382,16886,1312084,1.7,34.64,7.99,22.79,Winter,February,240,Cluster_2,KByT,KByT,AR_331,265,Clustering_3
CB_113,KBT_09.11.2018_CB,CB,9/11/18,Coastal,Coastal,KByT,11.1,9.21,26.1,1.95,0,434123,41186,1471313,1.4,32.27,7.92,28.46,Summer,September,338,Cluster_2,KByT,KByT,CB_113,266,Clustering_3
AR_82,KBT_06.01.2018_AR,AR,6/1/18,Coastal,Coastal,KByT,14.6,8.93,48.2,0.39,0,396441,41803,1458188,2.3,33.41,8.02,26.32,Spring,June,339,Cluster_2,KByT,KByT,AR_82,267,Clustering_3
CB_356,KBT_05.24.2021_CB,CB,5/24/21,Coastal,Coastal,KByT,12.9,5.82,11.3,2.12,5239,391824,18830,1458191,0.7,34.91,7.72,25.79,Spring,May,340,Cluster_2,KByT,KByT,CB_356,268,Clustering_3
CB_258,KBT_03.20.2020_CB,CB,3/20/20,Coastal,Coastal,KByT,17,8.4,16.8,1.01,8588,419215,38486,1278509,2.1,31.38,7.94,25.09,Winter,March,334,Cluster_2,KByT,KByT,CB_258,269,Clustering_3
HP1_256,KBT_03.20.2020_HP1,HP1,3/20/20,Coastal,Coastal,KByT,17,8.4,16.8,1.02,5436,327575,42124,1376622,2.3,31.1,7.77,25.9,Winter,March,335,Cluster_2,KByT,KByT,HP1_256,270,Clustering_3
AR_92,KBT_06.19.2018_AR,AR,6/19/18,Coastal,Coastal,KByT,12.4,8.8,46.5,0.6,0,388487,41409,1380750,1.7,33.7,8.05,28.39,Spring,June,336,Cluster_2,KByT,KByT,AR_92,271,Clustering_3
NB_205,KBT_08.13.2019_NB,NB,8/13/19,Coastal,Coastal,KByT,9.76,3.93,11,0.99,1458,408854,37830,1377817,1.7,32.93,7.98,29.25,Summer,August,337,Cluster_2,KByT,KByT,NB_205,272,Clustering_3
CB_133,KBT_11.09.2018_CB,CB,11/9/18,Coastal,Coastal,KByT,159,24.7,155,1.38,0,318491,44625,1506750,2,34.24,7.73,26.92,Fall,November,341,Cluster_2,KByT,KByT,CB_133,273,Clustering_3
HP1_226,KBT_10.07.2019_HP1,HP1,10/7/19,Coastal,Coastal,KByT,10.9,6.73,15.5,1.73,1392,322270,18803,1500800,0.9,33.28,7.89,28.03,Fall,October,342,Cluster_2,KByT,HP1,HP1_226,274,Clustering_3
SB_85,KBT_06.01.2018_SB,SB,6/1/18,Coastal,Coastal,KByT,14.6,8.93,48.2,0.74,0,277095,28245,1509375,1.4,34.91,8.05,23.75,Spring,June,343,Cluster_2,KByT,KByT,SB_85,275,Clustering_3
CB_278,KBT_07.21.2020_CB,CB,7/21/20,Coastal,Coastal,KByT,6.94,6.14,11.8,2.13,0,259176,15350,1482877,0.5,32.99,7.66,28.14,Summer,July,344,Cluster_2,KByT,KByT,CB_278,276,Clustering_3
SB_75,KBT_05.01.2018_SB,SB,5/1/18,Coastal,Coastal,KByT,18.3,9.63,49.3,1.25,0,190877,49928,1467375,1.4,33.13,8.06,24.03,Spring,May,244,Cluster_2,KByT,KByT,SB_75,277,Clustering_3
SB_45,KBT_01.29.2018_SB,SB,1/29/18,Coastal,Coastal,KByT,5.99,7.31,24.5,1.03,0,223414,34414,1442438,2,33.81,8.13,23.98,Winter,January,243,Cluster_2,KByT,KByT,SB_45,278,Clustering_3
HP1_101,KBT_07.23.2018_HP1,HP1,7/23/18,Coastal,Coastal,KByT,18.1,10.3,47.6,1.94,0,235226,32747,1472625,1.6,34.13,7.94,26.92,Summer,July,241,Cluster_2,KByT,HP1,HP1_101,279,Clustering_3
NB_295,KBT_09.22.2020_NB,NB,9/22/20,Coastal,Coastal,KByT,6.34,5.38,8.23,1.8,0,222082,26196,1486054,1.2,35.21,7.74,27.79,Summer,September,242,Cluster_2,KByT,KByT,NB_295,280,Clustering_3
AR_367,KBT_06.21.2021_AR,AR,6/21/21,Coastal,Coastal,KByT,9.2,5.39,12.2,1.77,460,143402,10203,1481445,0.9,34.66,7.9,28,Summer,June,245,Cluster_2,KByT,KByT,AR_367,281,Clustering_3
CB_163,KBT_03.21.2019_CB,CB,3/21/19,Coastal,Coastal,KByT,13.1,9.18,19.2,1.02,0,129793,16498,1450313,1,34.57,7.83,24.03,Winter,March,246,Cluster_2,KByT,KByT,CB_163,282,Clustering_3
CB_43,KBT_01.29.2018_CB,CB,1/29/18,Coastal,Coastal,KByT,5.99,7.31,24.5,0.91,0,151725,25541,1435875,1.7,34.1,8.07,24.02,Winter,January,247,Cluster_2,KByT,KByT,CB_43,283,Clustering_3
SR8_357,KBT_05.24.2021_SR8,SR8,5/24/21,Coastal,Coastal,KByT,12.9,5.82,11.3,2.17,3913,150768,16768,1432848,0.7,35.07,7.71,25.98,Spring,May,248,Cluster_2,KByT,KByT,SR8_357,284,Clustering_3
SR2_176,KBT_04.22.2019_SR2,SR2,4/22/19,Transition,Offshore,KByT,11.8,8.09,17.5,-0.28,24819,18559,7481,1044081,2.1,36.89,7.83,24.55,Spring,April,89,Cluster_3,KByT,KByT,SR2_176,285,Clustering_3
NR2_224,KBT_10.07.2019_NR2,NR2,10/7/19,Transition,Offshore,KByT,10.9,6.73,15.5,2,16597,20655,6670,997627,0.9,33.64,8.1,27.6,Fall,October,90,Cluster_3,KByT,KByT,NR2_224,286,Clustering_3
SR8_279,KBT_07.21.2020_SR8,SR8,7/21/20,Coastal,Coastal,KByT,6.94,6.14,11.8,2.28,4110,23885,5187,1018413,0.2,33.29,7.83,27.34,Summer,July,91,Cluster_3,KByT,KByT,SR8_279,287,Clustering_3
CB_332,KBT_02.12.2021_CB,CB,2/12/21,Coastal,Coastal,KByT,8.95,4.85,11,1.18,3874,76513,8561,982487,9.9,34.77,7.6,23.4,Winter,February,93,Cluster_3,KByT,KByT,CB_332,288,Clustering_3
SR8_104,KBT_07.23.2018_SR8,SR8,7/23/18,Coastal,Coastal,KByT,18.1,10.3,47.6,2.09,34374,72988,13073,988168,0.9,34.07,8.01,26.62,Summer,July,94,Cluster_3,KByT,KByT,SR8_104,289,Clustering_3
STO1_137,KBT_11.09.2018_STO1,STO1,11/9/18,Offshore,Offshore,KByT,159,24.7,155,1.04,20790,62934,11025,974794,0.8,36.28,7.78,26.68,Fall,November,95,Cluster_3,KByT,KByT,STO1_137,290,Clustering_3
SR2_86,KBT_06.01.2018_SR2,SR2,6/1/18,Transition,Offshore,KByT,14.6,8.93,48.2,0.13,27274,39953,8006,974964,0.6,35.11,7.84,24.9,Spring,June,57,Cluster_3,KByT,KByT,SR2_86,291,Clustering_3
SR8_333,KBT_02.12.2021_SR8,SR8,2/12/21,Coastal,Coastal,KByT,8.95,4.85,11,1.2,2915,51053,6158,960808,5.7,34.88,7.82,23.92,Winter,February,58,Cluster_3,KByT,KByT,SR8_333,292,Clustering_3
NB_50,KBT_01.29.2018_NB,NB,1/29/18,Coastal,Coastal,KByT,5.99,7.31,24.5,0.95,0,52119,12653,975909,1.5,33.85,8.12,24.05,Winter,January,59,Cluster_3,KByT,KByT,NB_50,293,Clustering_3
NB_329,KBT_02.12.2021_NB,NB,2/12/21,Coastal,Coastal,KByT,8.95,4.85,11,0.53,4084,49004,16085,973099,1.1,34.72,7.89,22.97,Winter,February,60,Cluster_3,KByT,KByT,NB_329,294,Clustering_3
SR2_349,KBT_05.24.2021_SR2,SR2,5/24/21,Transition,Offshore,KByT,12.9,5.82,11.3,0.35,55254,44553,8141,929636,0.3,35.05,7.61,24.5,Spring,May,61,Cluster_3,KByT,KByT,SR2_349,295,Clustering_3
SR2_221,KBT_10.07.2019_SR2,SR2,10/7/19,Transition,Offshore,KByT,10.9,6.73,15.5,2.12,23557,61899,12592,918199,1,33.58,8.01,27.65,Fall,October,62,Cluster_3,KByT,KByT,SR2_221,296,Clustering_3
HP1_318,KBT_12.23.2020_HP1,HP1,12/23/20,Coastal,Coastal,KByT,7.71,4.87,9.76,1.17,762,72613,9756,921823,0.9,34.58,7.21,25.38,Fall,December,63,Cluster_3,KByT,HP1,HP1_318,297,Clustering_3
NR2_294,KBT_09.22.2020_NR2,NR2,9/22/20,Transition,Offshore,KByT,6.34,5.38,8.23,1.7,14628,66980,11319,949818,0.7,35.45,7.86,27.34,Summer,September,54,Cluster_3,KByT,KByT,NR2_294,298,Clustering_3
SR2_76,KBT_05.01.2018_SR2,SR2,5/1/18,Transition,Offshore,KByT,18.3,9.63,49.3,0.03,19740,46869,16590,948911,0.7,34.31,7.9,24,Spring,May,55,Cluster_3,KByT,KByT,SR2_76,299,Clustering_3
NR2_119,KBT_09.11.2018_NR2,NR2,9/11/18,Transition,Offshore,KByT,11.1,9.21,26.1,0.6,11353,51673,11379,947363,0.8,33.36,8.05,27.25,Summer,September,56,Cluster_3,KByT,KByT,NR2_119,300,Clustering_3
CB_248,KBT_01.24.2020_CB,CB,1/24/20,Coastal,Coastal,KByT,8.94,7.09,16.5,1.01,1773,27483,6290,952536,1,32.9,7.94,24.03,Winter,January,52,Cluster_3,KByT,KByT,CB_248,301,Clustering_3
NR2_340,KBT_04.16.2021_NR2,NR2,4/16/21,Transition,Offshore,KByT,10.7,6.07,13.7,-0.14,9533,38565,5646,932354,0.5,34.92,7.94,24.39,Spring,April,53,Cluster_3,KByT,KByT,NR2_340,302,Clustering_3
CB_73,KBT_05.01.2018_CB,CB,5/1/18,Coastal,Coastal,KByT,18.3,9.63,49.3,1.02,0,156358,31329,1033384,1,33.57,8.06,24.26,Spring,May,76,Cluster_3,KByT,KByT,CB_73,303,Clustering_3
HP1_141,KBT_01.11.2019_HP1,HP1,1/11/19,Coastal,Coastal,KByT,14.1,9.24,20.4,0.79,0,153812,18454,1048688,1.7,34.9,7.82,24.3,Winter,January,77,Cluster_3,KByT,HP1,HP1_141,304,Clustering_3
NR2_364,KBT_06.21.2021_NR2,NR2,6/21/21,Transition,Offshore,KByT,9.2,5.39,12.2,1.51,15166,146592,11161,1044320,0.6,34.95,7.96,26.61,Summer,June,78,Cluster_3,KByT,KByT,NR2_364,305,Clustering_3
STO1_292,KBT_09.22.2020_STO1,STO1,9/22/20,Offshore,Offshore,KByT,6.34,5.38,8.23,1.44,57369,86768,6762,1076281,0.3,35.39,7.91,27.04,Summer,September,85,Cluster_3,KByT,KByT,STO1_292,306,Clustering_3
AR_12,KBT_09.20.2017_AR,AR,9/20/17,Coastal,Coastal,KByT,9.98,7.52,26,0.15,0,110814,21578,1052179,2.1,35,7.96,27,Summer,September,86,Cluster_3,KByT,KByT,AR_12,307,Clustering_3
NTO1_213,KBT_08.29.2019_NTO1,NTO1,8/29/19,Offshore,Offshore,KByT,7.8,4.63,10.7,0.5,25526,109879,10295,1063728,0.5,33.05,8.16,27.88,Summer,August,87,Cluster_3,KByT,KByT,NTO1_213,308,Clustering_3
NB_341,KBT_04.16.2021_NB,NB,4/16/21,Coastal,Coastal,KByT,10.7,6.07,13.7,-0.11,2364,109550,11293,1083004,1.2,34.8,7.91,24.68,Spring,April,88,Cluster_3,KByT,KByT,NB_341,309,Clustering_3
NR2_89,KBT_06.01.2018_NR2,NR2,6/1/18,Transition,Offshore,KByT,14.6,8.93,48.2,-0.08,6444,98529,12390,951326,0.9,34.88,8.05,25.26,Spring,June,66,Cluster_3,KByT,KByT,NR2_89,310,Clustering_3
HP1_11,KBT_09.20.2017_HP1,HP1,9/20/17,Coastal,Coastal,KByT,9.98,7.52,26,0.19,0,114214,16275,974794,1.3,34.71,7.48,27,Summer,September,67,Cluster_3,KByT,HP1,HP1_11,311,Clustering_3
NR2_204,KBT_08.13.2019_NR2,NR2,8/13/19,Transition,Offshore,KByT,9.76,3.93,11,1.09,2193,142561,14181,975003,0.9,33.26,8.07,28.43,Summer,August,68,Cluster_3,KByT,KByT,NR2_204,312,Clustering_3
NTO1_263,KBT_05.14.2020_NTO1,NTO1,5/14/20,Offshore,Offshore,KByT,11.5,7.01,12.6,0.59,60980,88804,9441,1000122,0.5,33.14,7.63,25.97,Spring,May,92,Cluster_3,KByT,KByT,NTO1_263,313,Clustering_3
NB_140,KBT_11.09.2018_NB,NB,11/9/18,Coastal,Coastal,KByT,159,24.7,155,1.11,0,110276,15330,1019169,1.4,34.17,7.73,27.09,Fall,November,79,Cluster_3,KByT,KByT,NB_140,314,Clustering_3
NR2_274,KBT_07.21.2020_NR2,NR2,7/21/20,Transition,Offshore,KByT,6.94,6.14,11.8,0.32,30083,96735,11293,1012820,0.7,33.31,7.73,27.49,Summer,July,80,Cluster_3,KByT,KByT,NR2_274,315,Clustering_3
NTO1_98,KBT_06.19.2018_NTO1,NTO1,6/19/18,Offshore,Offshore,KByT,12.4,8.8,46.5,0.89,31526,122154,13322,1009929,0.8,34,8.08,26.34,Spring,June,81,Cluster_3,KByT,KByT,NTO1_98,316,Clustering_3
SR2_181,KBT_05.21.2019_SR2,SR2,5/21/19,Transition,Offshore,KByT,12.1,7.63,13.8,-0.25,33731,120396,15435,1024708,0.7,36.61,7.54,25.5,Spring,May,82,Cluster_3,KByT,KByT,SR2_181,317,Clustering_3
NB_80,KBT_05.01.2018_NB,NB,5/1/18,Coastal,Coastal,KByT,18.3,9.63,49.3,-0.19,0,147998,25843,898183,1.1,34.3,8.05,24.25,Spring,May,70,Cluster_3,KByT,KByT,NB_80,318,Clustering_3
SR2_96,KBT_06.19.2018_SR2,SR2,6/19/18,Transition,Offshore,KByT,12.4,8.8,46.5,0.88,30266,133652,14700,885294,0.7,34.04,7.97,26.47,Spring,June,71,Cluster_3,KByT,KByT,SR2_96,319,Clustering_3
CB_23,KBT_11.01.2017_CB,CB,11/1/17,Coastal,Coastal,KByT,6.71,6.7,27,1.6,0,105315,53012,914143,1.4,34,8.01,26.69,Fall,November,69,Cluster_3,KByT,KByT,CB_23,320,Clustering_3
HP1_1,KBT_08.23.2017_HP1,HP1,8/23/17,Coastal,Coastal,KByT,8.99,9.52,28.1,0.21,0,130686,19058,934211,1,34.59,7.89,27.57,Summer,August,64,Cluster_3,KByT,HP1,HP1_1,321,Clustering_3
NB_225,KBT_10.07.2019_NB,NB,10/7/19,Coastal,Coastal,KByT,10.9,6.73,15.5,1.95,1287,144531,19670,930818,2.7,33.21,8.02,27.89,Fall,October,65,Cluster_3,KByT,KByT,NB_225,322,Clustering_3
CB_13,KBT_09.20.2017_CB,CB,9/20/17,Coastal,Coastal,KByT,9.98,7.52,26,0.14,0,218584,20462,938372,1.7,35.08,7.97,27.18,Summer,September,72,Cluster_3,KByT,KByT,CB_13,323,Clustering_3
CB_143,KBT_01.11.2019_CB,CB,1/11/19,Coastal,Coastal,KByT,14.1,9.24,20.4,0.76,0,199973,24399,930536,1.5,34.71,7.92,23.07,Winter,January,73,Cluster_3,KByT,KByT,CB_143,324,Clustering_3
CB_63,KBT_03.28.2018_CB,CB,3/28/18,Coastal,Coastal,KByT,20.4,9.19,49.8,0.7,0,302807,28481,984992,0.9,34.14,8.12,24.59,Winter,March,74,Cluster_3,KByT,KByT,CB_63,325,Clustering_3
NR2_139,KBT_11.09.2018_NR2,NR2,11/9/18,Transition,Offshore,KByT,159,24.7,155,1.08,0,227588,30174,1030877,1.3,35.74,7.46,26.7,Fall,November,75,Cluster_3,KByT,KByT,NR2_139,326,Clustering_3
HP1_91,KBT_06.19.2018_HP1,HP1,6/19/18,Coastal,Coastal,KByT,12.4,8.8,46.5,0.63,0,143430,20580,1084466,1,33.3,8.01,27.94,Spring,June,314,Cluster_2,KByT,HP1,HP1_91,327,Clustering_3
NR2_99,KBT_06.19.2018_NR2,NR2,6/19/18,Transition,Offshore,KByT,12.4,8.8,46.5,0.88,6654,141317,16091,1117410,0.9,33.95,8.06,27.12,Spring,June,312,Cluster_2,KByT,KByT,NR2_99,328,Clustering_3
SR8_174,KBT_04.22.2019_SR8,SR8,4/22/19,Coastal,Coastal,KByT,11.8,8.09,17.5,1.47,0,140438,21289,1127031,2.3,36.88,7.73,25.23,Spring,April,313,Cluster_2,KByT,KByT,SR8_174,329,Clustering_3
NTO1_183,KBT_05.21.2019_NTO1,NTO1,5/21/19,Offshore,Offshore,KByT,12.1,7.63,13.8,-0.33,38483,127929,13191,1150656,0.8,36.13,7.83,25.77,Spring,May,309,Cluster_2,KByT,KByT,NTO1_183,330,Clustering_3
SR8_321,KBT_12.23.2020_SR8,SR8,12/23/20,Coastal,Coastal,KByT,7.71,4.87,9.76,0.99,2757,127093,25894,1168866,1.3,34.03,7.85,25.42,Fall,December,310,Cluster_2,KByT,KByT,SR8_321,331,Clustering_3
HP1_366,KBT_06.21.2021_HP1,HP1,6/21/21,Coastal,Coastal,KByT,9.2,5.39,12.2,2.31,1024,128262,14247,1157390,0.7,34.53,7.35,27.48,Summer,June,311,Cluster_2,KByT,HP1,HP1_366,332,Clustering_3
HP1_131,KBT_11.09.2018_HP1,HP1,11/9/18,Coastal,Coastal,KByT,159,24.7,155,1.36,0,57330,16629,1061550,1.4,33.88,7.62,28.04,Fall,November,83,Cluster_3,KByT,HP1,HP1_131,333,Clustering_3
SR2_166,KBT_03.21.2019_SR2,SR2,3/21/19,Transition,Offshore,KByT,13.1,9.18,19.2,0.08,12364,34794,11419,1084046,0.7,35.32,7.77,23.74,Winter,March,84,Cluster_3,KByT,KByT,SR2_166,334,Clustering_3
NTO1_293,KBT_09.22.2020_NTO1,NTO1,9/22/20,Offshore,Offshore,KByT,6.34,5.38,8.23,1.62,53587,51906,5226,1141567,0.3,35.38,7.91,27.1,Summer,September,268,Cluster_2,KByT,KByT,NTO1_293,335,Clustering_3
SR8_249,KBT_01.24.2020_SR8,SR8,1/24/20,Coastal,Coastal,KByT,8.94,7.09,16.5,1.03,12868,43345,10006,1117604,1.1,33.21,7.94,24.61,Winter,January,269,Cluster_2,KByT,KByT,SR8_249,336,Clustering_3
SR2_261,KBT_05.14.2020_SR2,SR2,5/14/20,Transition,Offshore,KByT,11.5,7.01,12.6,0.59,23491,66626,8430,1109673,0.5,33.33,7.47,25.72,Spring,May,270,Cluster_2,KByT,KByT,SR2_261,337,Clustering_3
SR2_116,KBT_09.11.2018_SR2,SR2,9/11/18,Transition,Offshore,KByT,11.1,9.21,26.1,0.42,3701,26552,10159,1137006,0.9,33.24,7.8,27.38,Summer,September,271,Cluster_2,KByT,KByT,SR2_116,338,Clustering_3
NB_160,KBT_02.25.2019_NB,NB,2/25/19,Coastal,Coastal,KByT,22.8,10.4,28,0.31,0,35529,11576,1152178,2,33.94,7.91,23.79,Winter,February,272,Cluster_2,KByT,KByT,NB_160,339,Clustering_3
SR2_337,KBT_04.16.2021_SR2,SR2,4/16/21,Transition,Offshore,KByT,10.7,6.07,13.7,-0.16,17280,28389,7905,1168814,0.3,34.91,7.19,24.56,Spring,April,273,Cluster_2,KByT,KByT,SR2_337,340,Clustering_3
SR8_164,KBT_03.21.2019_SR8,SR8,3/21/19,Coastal,Coastal,KByT,13.1,9.18,19.2,1.18,0,48799,14398,1164476,0.9,35.11,7.79,24.5,Winter,March,274,Cluster_2,KByT,KByT,SR8_164,341,Clustering_3
SB_334,KBT_02.12.2021_SB,SB,2/12/21,Coastal,Coastal,KByT,8.95,4.85,11,1.21,1707,54598,7261,1176771,24.6,34.72,7.62,23.44,Winter,February,275,Cluster_2,KByT,KByT,SB_334,342,Clustering_3
CB_288,KBT_08.28.2020_CB,CB,8/28/20,Coastal,Coastal,KByT,6.65,5.81,9.92,2.46,0,83972,5541,1213695,0.4,33.59,7.87,28.4,Summer,August,264,Cluster_2,KByT,KByT,CB_288,343,Clustering_3
SR8_44,KBT_01.29.2018_SR8,SR8,1/29/18,Coastal,Coastal,KByT,5.99,7.31,24.5,0.99,0,90169,14844,1154239,1.7,34.1,8.12,24.11,Winter,January,265,Cluster_2,KByT,KByT,SR8_44,344,Clustering_3
SR2_136,KBT_11.09.2018_SR2,SR2,11/9/18,Transition,Offshore,KByT,159,24.7,155,1.05,10789,82425,13860,1166078,0.9,35.95,7.45,26.63,Fall,November,266,Cluster_2,KByT,KByT,SR2_136,345,Clustering_3
HP1_296,KBT_09.22.2020_HP1,HP1,9/22/20,Coastal,Coastal,KByT,6.34,5.38,8.23,2.26,0,76382,9861,1170718,0.8,35.44,7.73,28.01,Summer,September,267,Cluster_2,KByT,HP1,HP1_296,346,Clustering_3
HP1_61,KBT_03.28.2018_HP1,HP1,3/28/18,Coastal,Coastal,KByT,20.4,9.19,49.8,0.51,0,324621,37236,1142951,1.3,34.19,7.89,23.96,Winter,March,297,Cluster_2,KByT,HP1,HP1_61,347,Clustering_3
AR_62,KBT_03.28.2018_AR,AR,3/28/18,Coastal,Coastal,KByT,20.4,9.19,49.8,0.56,0,306758,29663,1182090,1.6,34.12,8.01,24.1,Winter,March,298,Cluster_2,KByT,KByT,AR_62,348,Clustering_3
NB_110,KBT_07.23.2018_NB,NB,7/23/18,Coastal,Coastal,KByT,18.1,10.3,47.6,1.49,0,290496,21853,1159371,1.6,33.68,7.97,27.21,Summer,July,299,Cluster_2,KByT,KByT,NB_110,349,Clustering_3
CB_53,KBT_02.21.2018_CB,CB,2/21/18,Coastal,Coastal,KByT,31.3,23.5,45.5,0.32,0,323321,75902,1176315,2.7,34.48,8.07,24,Winter,February,300,Cluster_2,KByT,KByT,CB_53,350,Clustering_3
CB_3,KBT_08.23.2017_CB,CB,8/23/17,Coastal,Coastal,KByT,8.99,9.52,28.1,0.06,0,337903,36658,1203707,1.4,35.16,8.01,27.71,Summer,August,301,Cluster_2,KByT,KByT,CB_3,351,Clustering_3
AR_52,KBT_02.21.2018_AR,AR,2/21/18,Coastal,Coastal,KByT,31.3,23.5,45.5,0.26,0,358824,52854,1213078,2.4,34.43,8.07,24.1,Winter,February,302,Cluster_2,KByT,KByT,AR_52,352,Clustering_3
CB_83,KBT_06.01.2018_CB,CB,6/1/18,Coastal,Coastal,KByT,14.6,8.93,48.2,0.52,0,259074,25029,1240641,1.1,34.77,8.05,25.88,Spring,June,290,Cluster_2,KByT,KByT,CB_83,353,Clustering_3
SR8_94,KBT_06.19.2018_SR8,SR8,6/19/18,Coastal,Coastal,KByT,12.4,8.8,46.5,0.58,0,238350,26670,1223591,1.2,34,8.03,27.6,Spring,June,291,Cluster_2,KByT,KByT,SR8_94,354,Clustering_3
AR_277,KBT_07.21.2020_AR,AR,7/21/20,Coastal,Coastal,KByT,6.94,6.14,11.8,1.99,0,224077,23530,1238013,1.3,33.23,7.71,28.1,Summer,July,292,Cluster_2,KByT,KByT,AR_277,355,Clustering_3
SR8_4,KBT_08.23.2017_SR8,SR8,8/23/17,Coastal,Coastal,KByT,8.99,9.52,28.1,0.03,0,243574,29912,1161891,1.3,35.24,7.94,27.48,Summer,August,293,Cluster_2,KByT,KByT,SR8_4,356,Clustering_3
NB_90,KBT_06.01.2018_NB,NB,6/1/18,Coastal,Coastal,KByT,14.6,8.93,48.2,-0.12,0,264679,30253,1161221,1.4,34.25,8.01,26.1,Spring,June,294,Cluster_2,KByT,KByT,NB_90,357,Clustering_3
NB_120,KBT_09.11.2018_NB,NB,9/11/18,Coastal,Coastal,KByT,11.1,9.21,26.1,0.69,0,259731,35713,1188521,1.6,32.68,7.95,27.82,Summer,September,295,Cluster_2,KByT,KByT,NB_120,358,Clustering_3
NB_353,KBT_05.24.2021_NB,NB,5/24/21,Coastal,Coastal,KByT,12.9,5.82,11.3,1.03,2180,244496,18961,1205239,0.8,34.54,7.86,25.97,Spring,May,296,Cluster_2,KByT,KByT,NB_353,359,Clustering_3
AR_257,KBT_03.20.2020_AR,AR,3/20/20,Coastal,Coastal,KByT,17,8.4,16.8,1.02,3361,228253,29059,1102542,2.9,30.76,7.89,25.66,Winter,March,303,Cluster_2,KByT,KByT,AR_257,360,Clustering_3
NB_100,KBT_06.19.2018_NB,NB,6/19/18,Coastal,Coastal,KByT,12.4,8.8,46.5,0.88,0,267947,27484,1111543,1.4,33.92,7.99,27.61,Spring,June,304,Cluster_2,KByT,KByT,NB_100,361,Clustering_3
NB_185,KBT_05.21.2019_NB,NB,5/21/19,Coastal,Coastal,KByT,12.1,7.63,13.8,-0.34,0,251278,20541,1103406,1.5,36.45,7.71,27.11,Spring,May,305,Cluster_2,KByT,KByT,NB_185,362,Clustering_3
CB_173,KBT_04.22.2019_CB,CB,4/22/19,Coastal,Coastal,KByT,11.8,8.09,17.5,1.28,0,183461,30529,1175147,2.2,36.62,7.77,25.43,Spring,April,306,Cluster_2,KByT,KByT,CB_173,363,Clustering_3
SR8_54,KBT_02.21.2018_SR8,SR8,2/21/18,Coastal,Coastal,KByT,31.3,23.5,45.5,1.12,0,195759,55873,1139828,2.2,34.97,7.89,23.75,Winter,February,307,Cluster_2,KByT,KByT,SR8_54,364,Clustering_3
NB_275,KBT_07.21.2020_NB,NB,7/21/20,Coastal,Coastal,KByT,6.94,6.14,11.8,0.55,0,212785,20313,1145388,1.1,32.91,7.72,27.95,Summer,July,308,Cluster_2,KByT,KByT,NB_275,365,Clustering_3
SB_125,KBT_10.11.2018_SB,SB,10/11/18,Coastal,Coastal,KByT,27.8,11.1,27.8,1.52,NA,NA,NA,NA,2,34.31,7.93,27.67,Fall,October,NA,NA,KByT,KByT,NA,NA,NA